dis,Portfolio_Equity
25000.0,25000.0
25000.0,25000.0
25000.0,25000.0
25000.0,25000.0
25000.0,25000.0
25000.0,25000.0
25000.0,25000.0
25000.0,25000.0
25000.0,25000.0
25000.0,25000.0
25000.0,25000.0
25000.0,25000.0
25000.0,25000.0
25000.0,25000.0
25000.0,25000.0
25000.0,25000.0
25000.0,25000.0
25000.0,25000.0
25000.0,25000.0
25000.0,25000.0
25000.0,25000.0
25000.0,25000.0
25000.0,25000.0
25000.0,25000.0
25000.0,25000.0
25000.0,25000.0
25000.0,25000.0
25000.0,25000.0
25000.0,25000.0
25000.0,25000.0
25000.0,25000.0
25000.0,25000.0
25000.0,25000.0
25000.0,25000.0
25000.0,25000.0
25000.0,25000.0
25000.0,25000.0
25000.0,25000.0
25000.0,25000.0
25000.0,25000.0
25000.0,25000.0
25000.0,25000.0
25000.0,25000.0
25000.0,25000.0
25000.0,25000.0
25000.0,25000.0
25000.0,25000.0
25000.0,25000.0
25000.0,25000.0
25000.0,25000.0
25000.0,25000.0
25000.0,25000.0
25000.0,25000.0
25000.0,25000.0
25000.0,25000.0
25000.0,25000.0
25000.0,25000.0
25000.0,25000.0
25000.0,25000.0
25000.0,25000.0
25000.0,25000.0
25000.0,25000.0
25000.0,25000.0
25000.0,25000.0
25000.0,25000.0
25000.0,25000.0
25000.0,25000.0
25000.0,25000.0
25000.0,25000.0
25000.0,25000.0
25000.0,25000.0
25000.0,25000.0
25000.0,25000.0
25000.0,25000.0
25000.0,25000.0
25000.0,25000.0
25000.0,25000.0
25000.0,25000.0
25000.0,25000.0
25000.0,25000.0
25000.0,25000.0
25000.0,25000.0
25000.0,25000.0
25000.0,25000.0
25000.0,25000.0
25000.0,25000.0
25000.0,25000.0
25000.0,25000.0
25000.0,25000.0
25000.0,25000.0
25000.0,25000.0
25000.0,25000.0
25000.0,25000.0
25000.0,25000.0
25000.0,25000.0
25000.0,25000.0
25000.0,25000.0
25000.0,25000.0
25000.0,25000.0
25000.0,25000.0
25000.0,25000.0
25000.0,25000.0
25000.0,25000.0
25000.0,25000.0
25000.0,25000.0
25000.0,25000.0
25000.0,25000.0
25000.0,25000.0
25000.0,25000.0
25000.0,25000.0
25000.0,25000.0
25000.0,25000.0
25000.0,25000.0
25000.0,25000.0
25000.0,25000.0
25000.0,25000.0
25000.0,25000.0
25000.0,25000.0
25000.0,25000.0
25000.0,25000.0
25000.0,25000.0
25000.0,25000.0
25000.0,25000.0
25000.0,25000.0
25000.0,25000.0
25000.0,25000.0
25000.0,25000.0
25000.0,25000.0
25000.0,25000.0
25000.0,25000.0
25000.0,25000.0
25000.0,25000.0
25000.0,25000.0
25000.0,25000.0
25000.0,25000.0
25000.0,25000.0
25000.0,25000.0
25000.0,25000.0
25000.0,25000.0
25000.0,25000.0
25000.0,25000.0
25000.0,25000.0
25000.0,25000.0
25000.0,25000.0
25000.0,25000.0
25000.0,25000.0
25000.0,25000.0
25000.0,25000.0
25000.0,25000.0
25000.0,25000.0
25000.0,25000.0
25000.0,25000.0
25000.0,25000.0
25000.0,25000.0
25000.0,25000.0
25000.0,25000.0
25000.0,25000.0
25000.0,25000.0
25000.0,25000.0
25000.0,25000.0
25000.0,25000.0
25000.0,25000.0
25000.0,25000.0
25000.0,25000.0
25000.0,25000.0
25000.0,25000.0
25000.0,25000.0
25000.0,25000.0
25000.0,25000.0
25000.0,25000.0
25000.0,25000.0
25000.0,25000.0
25000.0,25000.0
25000.0,25000.0
25000.0,25000.0
25000.0,25000.0
25000.0,25000.0
25000.0,25000.0
25000.0,25000.0
25000.0,25000.0
25000.0,25000.0
25000.0,25000.0
25000.0,25000.0
25000.0,25000.0
25000.0,25000.0
25000.0,25000.0
25000.0,25000.0
25000.0,25000.0
25000.0,25000.0
25000.0,25000.0
25000.0,25000.0
25000.0,25000.0
25000.0,25000.0
25000.0,25000.0
25000.0,25000.0
25000.0,25000.0
25000.0,25000.0
25000.0,25000.0
25000.0,25000.0
25000.0,25000.0
25000.0,25000.0
25000.0,25000.0
25000.0,25000.0
25000.0,25000.0
25000.0,25000.0
25000.0,25000.0
25000.0,25000.0
25000.0,25000.0
25000.0,25000.0
25000.0,25000.0
25000.0,25000.0
25000.0,25000.0
25000.0,25000.0
25000.0,25000.0
25000.0,25000.0
25000.0,25000.0
25000.0,25000.0
25000.0,25000.0
25000.0,25000.0
25000.0,25000.0
25000.0,25000.0
25000.0,25000.0
25000.0,25000.0
25000.0,25000.0
25000.0,25000.0
25000.0,25000.0
25000.0,25000.0
25000.0,25000.0
25000.0,25000.0
25000.0,25000.0
25000.0,25000.0
25000.0,25000.0
25000.0,25000.0
25000.0,25000.0
25000.0,25000.0
25000.0,25000.0
25000.0,25000.0
25000.0,25000.0
25000.0,25000.0
25000.0,25000.0
25000.0,25000.0
25000.0,25000.0
25000.0,25000.0
25000.0,25000.0
25000.0,25000.0
25000.0,25000.0
25000.0,25000.0
25000.0,25000.0
25000.0,25000.0
25000.0,25000.0
25000.0,25000.0
25000.0,25000.0
25000.0,25000.0
25000.0,25000.0
25000.0,25000.0
25000.0,25000.0
25000.0,25000.0
25000.0,25000.0
25000.0,25000.0
25000.0,25000.0
25000.0,25000.0
25000.0,25000.0
25000.0,25000.0
25000.0,25000.0
25000.0,25000.0
25000.0,25000.0
25000.0,25000.0
25000.0,25000.0
25000.0,25000.0
25000.0,25000.0
25000.0,25000.0
24673.054272651636,24673.054272651636
25086.27650911056,25086.27650911056
24679.86552802507,24679.86552802507
23771.68052120251,23771.68052120251
24105.43932706547,24105.43932706547
23785.30303194938,23785.30303194938
23011.08061441607,23011.08061441607
23406.13889549878,23406.13889549878
23474.251449233143,23474.251449233143
23639.996858363156,23639.996858363156
23748.975121196952,23748.975121196952
23880.664253459792,23880.664253459792
24187.17256840553,24187.17256840553
24062.29833779845,24062.29833779845
23851.147598080795,23851.147598080795
23894.28676420666,23894.28676420666
24350.649989932615,24350.649989932615
24931.88379998333,24931.88379998333
23810.28006584019,23810.28006584019
23422.03121698975,23422.03121698975
23288.07227398282,23288.07227398282
23383.437141775546,23383.437141775546
23478.79471700364,23478.79471700364
23826.174210472305,23826.174210472305
23519.660426103088,23519.660426103088
23619.56126910168,23619.56126910168
23778.495422858257,23778.495422858257
23878.39079643337,23878.39079643337
23551.44871536733,23551.44871536733
23590.04643686385,23590.04643686385
23440.195172365955,23440.195172365955
23356.188473999482,23356.188473999482
23040.595446653893,23040.595446653893
23011.080614416063,23011.080614416063
23117.790889646934,23117.790889646934
22840.797406939026,22840.797406939026
22373.079658069135,22373.079658069135
22852.14828380064,22852.14828380064
22559.258833319454,22559.258833319454
22373.07965806913,22373.07965806913
22804.467673045434,22804.467673045434
22400.326502704036,22400.326502704036
22572.879520925166,22572.879520925166
22920.26448381731,22920.26448381731
23183.635455778345,23183.635455778345
22784.03208378397,22784.03208378397
22636.452453171325,22636.452453171325
23015.62023590424,23015.62023590424
22886.204560667815,22886.204560667815
22793.11497304265,22793.11497304265
22793.11497304265,22793.11497304265
22793.11497304265,22793.11497304265
22793.11497304265,22793.11497304265
22793.11497304265,22793.11497304265
22793.11497304265,22793.11497304265
22793.11497304265,22793.11497304265
22793.11497304265,22793.11497304265
22793.11497304265,22793.11497304265
22793.11497304265,22793.11497304265
22793.11497304265,22793.11497304265
22793.11497304265,22793.11497304265
22793.11497304265,22793.11497304265
22793.11497304265,22793.11497304265
22793.11497304265,22793.11497304265
22793.11497304265,22793.11497304265
22793.11497304265,22793.11497304265
22793.11497304265,22793.11497304265
22793.11497304265,22793.11497304265
22793.11497304265,22793.11497304265
22793.11497304265,22793.11497304265
22793.11497304265,22793.11497304265
22793.11497304265,22793.11497304265
22793.11497304265,22793.11497304265
22793.11497304265,22793.11497304265
22793.11497304265,22793.11497304265
22793.11497304265,22793.11497304265
22793.11497304265,22793.11497304265
22793.11497304265,22793.11497304265
22793.11497304265,22793.11497304265
22793.11497304265,22793.11497304265
22793.11497304265,22793.11497304265
22793.11497304265,22793.11497304265
22793.11497304265,22793.11497304265
22793.11497304265,22793.11497304265
22793.11497304265,22793.11497304265
22793.11497304265,22793.11497304265
22793.11497304265,22793.11497304265
22793.11497304265,22793.11497304265
22793.11497304265,22793.11497304265
22793.11497304265,22793.11497304265
22793.11497304265,22793.11497304265
22793.11497304265,22793.11497304265
22793.11497304265,22793.11497304265
22793.11497304265,22793.11497304265
22793.11497304265,22793.11497304265
22793.11497304265,22793.11497304265
22793.11497304265,22793.11497304265
22793.11497304265,22793.11497304265
22793.11497304265,22793.11497304265
22793.11497304265,22793.11497304265
22793.11497304265,22793.11497304265
22793.11497304265,22793.11497304265
22793.11497304265,22793.11497304265
22793.11497304265,22793.11497304265
22793.11497304265,22793.11497304265
22793.11497304265,22793.11497304265
22793.11497304265,22793.11497304265
22793.11497304265,22793.11497304265
22793.11497304265,22793.11497304265
22793.11497304265,22793.11497304265
22793.11497304265,22793.11497304265
22793.11497304265,22793.11497304265
22793.11497304265,22793.11497304265
22793.11497304265,22793.11497304265
22793.11497304265,22793.11497304265
22793.11497304265,22793.11497304265
22793.11497304265,22793.11497304265
22793.11497304265,22793.11497304265
22793.11497304265,22793.11497304265
22793.11497304265,22793.11497304265
22793.11497304265,22793.11497304265
22793.11497304265,22793.11497304265
22793.11497304265,22793.11497304265
22793.11497304265,22793.11497304265
22793.11497304265,22793.11497304265
22793.11497304265,22793.11497304265
22793.11497304265,22793.11497304265
22793.11497304265,22793.11497304265
22793.11497304265,22793.11497304265
22793.11497304265,22793.11497304265
22793.11497304265,22793.11497304265
22793.11497304265,22793.11497304265
22793.11497304265,22793.11497304265
22793.11497304265,22793.11497304265
22793.11497304265,22793.11497304265
22793.11497304265,22793.11497304265
22793.11497304265,22793.11497304265
22793.11497304265,22793.11497304265
22793.11497304265,22793.11497304265
22793.11497304265,22793.11497304265
22793.11497304265,22793.11497304265
22793.11497304265,22793.11497304265
22805.3318077732,22805.3318077732
22791.07775259369,22791.07775259369
22872.52602078203,22872.52602078203
22923.432202143984,22923.432202143984
22896.959690243122,22896.959690243122
22789.04053214473,22789.04053214473
22809.403004689513,22809.403004689513
22571.169861471386,22571.169861471386
22371.622820903067,22371.622820903067
22451.03224665164,22451.03224665164
22595.603530932487,22595.603530932487
22536.554955737898,22536.554955737898
22316.64544262479,22316.64544262479
22288.138954256574,22288.138954256574
22534.519357279743,22534.519357279743
22247.41563115781,22247.41563115781
22267.776481711797,22267.776481711797
22302.39138744529,22302.39138744529
22355.333167265406,22355.333167265406
22727.95635849199,22727.95635849199
22479.541979001468,22479.541979001468
22962.118304793792,22962.118304793792
23137.23005391021,23137.23005391021
23458.948685765634,23458.948685765634
23627.95201751677,23627.95201751677
23811.209404447425,23811.209404447425
23668.673718624734,23668.673718624734
23957.81628718643,23957.81628718643
23805.09936509134,23805.09936509134
23646.274025630984,23646.274025630984
23371.390378221215,23371.390378221215
23623.877576618856,23623.877576618856
23801.028168175028,23801.028168175028
22980.44355688961,22980.44355688961
22632.255657114936,22632.255657114936
22929.53899751846,22929.53899751846
23098.5423292696,23098.5423292696
23658.49572633395,23658.49572633395
23849.897129088033,23849.897129088033
23656.458505884988,23656.458505884988
24210.303485584067,24210.303485584067
24082.02509892249,24082.02509892249
23996.502389836234,23996.502389836234
22725.91913804302,22725.91913804302
23245.149212008604,23245.149212008604
23047.63776989844,23047.63776989844
23017.095683072068,23017.095683072068
23367.3208032957,23367.3208032957
23381.571614493605,23381.571614493605
23640.16885224732,23640.16885224732
23452.841890391155,23452.841890391155
23507.817646678628,23507.817646678628
23764.37766398338,23764.37766398338
23833.60747545036,23833.60747545036
23619.806379702535,23619.806379702535
24027.0460986534,24027.0460986534
23762.340443534416,23762.340443534416
23792.880908369985,23792.880908369985
23847.859908639068,23847.859908639068
23845.82593217171,23845.82593217171
23658.495726333942,23658.495726333942
23501.707607322547,23501.707607322547
22778.86253985394,22778.86253985394
23015.060084613902,23015.060084613902
22821.621461410858,22821.621461410858
22917.3221627879,22917.3221627879
23192.207432188476,23192.207432188476
23640.168852247316,23640.168852247316
23744.015191438586,23744.015191438586
23515.96166250205,23515.96166250205
23566.86459988241,23566.86459988241
22982.477533356956,22982.477533356956
23279.764117742085,23279.764117742085
22978.122488050067,22978.122488050067
22953.500667655782,22953.500667655782
22976.070669683875,22976.070669683875
23025.317554454046,23025.317554454046
23267.449963563336,23267.449963563336
23023.26573608786,23023.26573608786
22699.054104367744,22699.054104367744
22458.97026964304,22458.97026964304
22411.778447220662,22411.778447220662
21956.235842147144,21956.235842147144
21385.78329861295,21385.78329861295
20591.66471126518,20591.66471126518
21716.15362941324,21716.15362941324
21857.738828625188,21857.738828625188
22017.79525910525,22017.79525910525
22500.01312493005,22500.01312493005
22360.476500102683,22360.476500102683
21818.752657676763,21818.752657676763
22491.799363502076,22491.799363502076
22686.73995018899,22686.73995018899
22863.21254958939,22863.21254958939
23119.71093124361,23119.71093124361
23146.384570004087,23146.384570004087
23115.604050529626,23115.604050529626
23068.408984125643,23068.408984125643
22932.97924001226,22932.97924001226
22758.56008096886,22758.56008096886
22779.079886621563,22779.079886621563
22785.23696371094,22785.23696371094
22694.948845644547,22694.948845644547
22801.653132631265,22801.653132631265
22684.689753813596,22684.689753813596
22795.49281156028,22795.49281156028
22738.040275316147,22738.040275316147
22756.508262602663,22756.508262602663
22598.50527247959,22598.50527247959
22883.730733251286,22883.730733251286
22838.58748521349,22838.58748521349
22941.186513477023,22941.186513477023
23117.657490886613,23117.657490886613
22861.15910923239,22861.15910923239
22766.767354433618,22766.767354433618
22881.67729289429,22881.67729289429
22456.92007326764,22456.92007326764
22407.669944515867,22407.669944515867
22612.868001042923,22612.868001042923
22707.261377832492,22707.261377832492
23103.293140332484,23103.293140332484
23292.078271920826,23292.078271920826
23326.960806136864,23326.960806136864
23452.13308041009,23452.13308041009
23649.120619490783,23649.120619490783
23308.487952877935,23308.487952877935
23290.02320957302,23290.02320957302
23142.282555262504,23142.282555262504
23154.591843468843,23154.591843468843
23394.675678193547,23394.675678193547
23460.338731884047,23460.338731884047
23392.623859827363,23392.623859827363
23567.04301887077,23567.04301887077
23394.67567819355,23394.67567819355
23353.63444489734,23353.63444489734
23546.51996923646,23546.51996923646
23542.417954494882,23542.417954494882
23411.091847113883,23411.091847113883
23491.117629367713,23491.117629367713
23589.611398908055,23589.611398908055
23212.050867676197,23212.050867676197
22571.828389737515,22571.828389737515
22569.77494938052,22569.77494938052
22296.865264778375,22296.865264778375
22208.628965078176,22208.628965078176
22118.342469002593,22118.342469002593
22600.55546885498,22600.55546885498
22629.285791954055,22629.285791954055
22717.520469663446,22717.520469663446
22783.183523353946,22783.183523353946
23086.878593402962,23086.878593402962
22974.020473308483,22974.020473308483
23088.92878977835,23088.92878977835
23546.51996923645,23546.51996923645
23597.821916354424,23597.821916354424
23589.611398908055,23589.611398908055
23979.49095029108,23979.49095029108
24041.05198924,24041.05198924
23926.140428788527,23926.140428788527
26688.110162420682,26688.110162420682
27094.405882724026,27094.405882724026
26655.27458059842,26655.27458059842
27034.898284132098,27034.898284132098
27178.53530171023,27178.53530171023
27020.529067605552,27020.529067605552
27365.26537095078,27365.26537095078
27722.31096250235,27722.31096250235
28161.43577666474,28161.43577666474
28711.36527056462,28711.36527056462
28584.142799916,28584.142799916
28106.03181480519,28106.03181480519
27984.966421245943,27984.966421245943
27525.31693545844,27525.31693545844
27564.30959437007,27564.30959437007
27701.789534858835,27701.789534858835
27381.683161861903,27381.683161861903
27699.739338483443,27699.739338483443
27412.462059345555,27412.462059345555
27504.801995778133,27504.801995778133
26950.765621164268,26950.765621164268
27332.436277091725,27332.436277091725
27636.128103159135,27636.128103159135
27804.39342909477,27804.39342909477
27709.993564341985,27709.993564341985
27478.126735026857,27478.126735026857
27515.06270959989,27515.06270959989
27465.81258084811,27465.81258084811
27235.992703926764,27235.992703926764
27248.303614123903,27248.303614123903
27213.417835926255,27213.417835926255
26997.962309559043,26997.962309559043
27127.233354592245,27127.233354592245
27094.405882724004,27094.405882724004
27182.638938442593,27182.638938442593
27664.853560285785,27664.853560285785
27894.68316915195,27894.68316915195
28155.281943556947,28155.281943556947
28325.587733923152,28325.587733923152
28126.54999846707,28126.54999846707
27718.21056975155,27718.21056975155
27849.53343315094,27849.53343315094
29084.825409045683,29084.825409045683
29066.360665740776,29066.360665740776
28926.830528876624,28926.830528876624
28571.835133700442,28571.835133700442
28916.563327091655,28916.563327091655
29142.282811262223,29142.282811262223
28774.979749870505,28774.979749870505
28567.725009004847,28567.725009004847
28715.475395260186,28715.475395260186
28809.862284086546,28809.862284086546
28584.14279991598,28584.14279991598
28653.911112329668,28653.911112329668
29066.36066574078,29066.36066574078
29246.936901873556,29246.936901873556
29339.273594324528,29339.273594324528
29411.536528593708,29411.536528593708
29116.288786648347,29116.288786648347
29238.10353995872,29238.10353995872
29636.58775255331,29636.58775255331
29640.717341138552,29640.717341138552
29913.263699800747,29913.263699800747
29950.42026512303,29950.42026512303
29793.50887481058,29793.50887481058
29436.314060105113,29436.314060105113
29242.233128543954,29242.233128543954
28874.722452329417,28874.722452329417
29079.122489381247,29079.122489381247
29165.840605689547,29165.840605689547
29172.03336657659,29172.03336657659
29568.454406869372,29568.454406869372
29865.771809079757,29865.771809079757
30225.02655210543,30225.02655210543
29923.57956130981,29923.57956130981
29527.158521017027,29527.158521017027
29287.65535899991,29287.65535899991
29258.754726866486,29258.754726866486
28554.69393489104,28554.69393489104
29291.78819156675,29291.78819156675
27844.44038202854,27844.44038202854
28470.038990884554,28470.038990884554
28600.112921365402,28600.112921365402
28028.195720135816,28028.195720135816
28288.3468250791,28288.3468250791
27429.434571111415,27429.434571111415
27545.05331955313,27545.05331955313
27914.6369000143,27914.6369000143
27933.218426657048,27933.218426657048
27900.188205938393,27900.188205938393
28030.258892437625,28030.258892437625
28096.332309801364,28096.332309801364
27185.796954536647,27185.796954536647
27792.818902722323,27792.818902722323
27768.044615192528,27768.044615192528
28193.366287618734,28193.366287618734
28459.71339743067,28459.71339743067
28339.965060403716,28339.965060403716
28143.814468577533,28143.814468577533
28470.038990884554,28470.038990884554
28666.186338729127,28666.186338729127
28812.7786235509,28812.7786235509
28664.1199224457,28664.1199224457
28036.44840934306,28036.44840934306
28119.043425029333,28119.043425029333
28389.513635463292,28389.513635463292
28496.882938679362,28496.882938679362
28038.52131358969,28038.52131358969
28143.814468577515,28143.814468577515
28244.987766924933,28244.987766924933
27522.345448306733,27522.345448306733
27309.679746121223,27309.679746121223
27348.91245967174,27348.91245967174
27247.74240530593,27247.74240530593
27478.983146170973,27478.983146170973
27103.213292785967,27103.213292785967
26832.741460361205,26832.741460361205
26907.06756693219,26907.06756693219
26748.084894363918,26748.084894363918
26663.43481632984,26663.43481632984
26459.02829131479,26459.02829131479
26896.743595469103,26896.743595469103
27026.817525949948,27026.817525949948
26525.098464696923,26525.098464696923
26702.662663907944,26702.662663907944
26704.727458200567,26704.727458200567
26845.128604126094,26845.128604126094
26779.058430743975,26779.058430743975
26791.44070853646,26791.44070853646
27018.559970770282,27018.559970770282
27330.33093302899,27330.33093302899
27024.754353648135,27024.754353648135
26894.680423167294,26894.680423167294
27336.52369391604,27336.52369391604
27074.30617268933,27074.30617268933
26894.680423167294,26894.680423167294
27026.817525949955,27026.817525949955
26950.426625086344,26950.426625086344
26733.631334315593,26733.631334315593
26758.410487817797,26758.410487817797
26824.475795227514,26824.475795227514
27408.786628185204,27408.786628185204
27443.88650916889,27443.88650916889
27140.377968062257,27140.377968062257
27103.21329278596,27103.21329278596
27452.148930320967,27452.148930320967
28484.490928942043,28484.490928942043
28232.599001169223,28232.599001169223
28612.501687121072,28612.501687121072
30706.099292423067,30706.099292423067
30381.947674362676,30381.947674362676
29869.898153683356,29869.898153683356
30485.17765704869,30485.17765704869
30635.899530455703,30635.899530455703
30336.518955943502,30336.518955943502
30330.326195056456,30330.326195056456
30617.318003812954,30617.318003812954
30906.37622885287,30906.37622885287
31308.990030032695,31308.990030032695
31275.95980931404,31275.95980931404
31296.604508258602,31296.604508258602
31098.387500148998,31098.387500148998
30677.19541630803,30677.19541630803
30615.251587529525,30615.251587529525
30441.818598894533,30441.818598894533
30487.2440733321,30487.2440733321
30187.8667428015,30187.8667428015
30165.15238359191,30165.15238359191
30472.79213527458,30472.79213527458
30507.888772276652,30507.888772276652
30404.035945122167,30404.035945122167
30836.06941549247,30836.06941549247
30684.435983254003,30684.435983254003
30379.112434438466,30379.112434438466
30356.261828001396,30356.261828001396
30507.892016258265,30507.892016258265
30050.93179122265,30050.93179122265
30177.635224814203,30177.635224814203
30262.796229951324,30262.796229951324
30273.18021507413,30273.18021507413
29861.924446894256,29861.924446894256
30040.554294063055,30040.554294063055
30782.057121742168,30782.057121742168
30428.959455805863,30428.959455805863
30252.409000846914,30252.409000846914
30262.796229951327,30262.796229951327
30200.485831251273,30200.485831251273
30082.093478535888,30082.093478535888
30038.4716578716,30038.4716578716
29884.77505333132,29884.77505333132
30158.943402796835,30158.943402796835
29976.16450315316,29976.16450315316
30142.327729007702,30142.327729007702
29978.2406513814,29978.2406513814
29818.305870211574,29818.305870211574
29911.771468261657,29911.771468261657
29535.823195888282,29535.823195888282
29095.48837658662,29095.48837658662
28227.278871334343,28227.278871334343
28740.308074458866,28740.308074458866
28260.506974931006,28260.506974931006
28623.99186997172,28623.99186997172
28727.844697126216,28727.844697126216
29353.044296244614,29353.044296244614
30061.32226430867,30061.32226430867
29363.42503738581,29363.42503738581
29639.67926702438,29639.67926702438
29290.733897544556,29290.733897544556
29616.82541660571,29616.82541660571
29288.651261353105,29288.651261353105
29463.128812065424,29463.128812065424
29265.803898897648,29265.803898897648
28983.32446855596,28983.32446855596
28900.246099610293,28900.246099610293
29348.888755806525,29348.888755806525
29155.72262705844,29155.72262705844
28864.93211584058,28864.93211584058
27626.999538918044,27626.999538918044
26625.861399371104,26625.861399371104
25622.6390016419,25622.6390016419
24517.64154697725,24517.64154697725
24436.637704269026,24436.637704269026
24920.592722244168,24920.592722244168
24187.389621505605,24187.389621505605
24754.42787439882,24754.42787439882
23674.355552408673,23674.355552408673
23942.29545718947,23942.29545718947
21674.1440676074,21674.1440676074
21674.1440676074,21674.1440676074
21674.1440676074,21674.1440676074
21674.1440676074,21674.1440676074
21674.1440676074,21674.1440676074
21674.1440676074,21674.1440676074
21674.1440676074,21674.1440676074
21674.1440676074,21674.1440676074
21674.1440676074,21674.1440676074
21674.1440676074,21674.1440676074
21674.1440676074,21674.1440676074
21674.1440676074,21674.1440676074
21674.1440676074,21674.1440676074
21674.1440676074,21674.1440676074
21674.1440676074,21674.1440676074
21674.1440676074,21674.1440676074
21674.1440676074,21674.1440676074
21674.1440676074,21674.1440676074
21674.1440676074,21674.1440676074
21674.1440676074,21674.1440676074
21674.1440676074,21674.1440676074
21674.1440676074,21674.1440676074
21674.1440676074,21674.1440676074
21674.1440676074,21674.1440676074
21674.1440676074,21674.1440676074
21674.1440676074,21674.1440676074
21674.1440676074,21674.1440676074
21674.1440676074,21674.1440676074
21674.1440676074,21674.1440676074
21674.1440676074,21674.1440676074
21674.1440676074,21674.1440676074
21674.1440676074,21674.1440676074
21674.1440676074,21674.1440676074
21674.1440676074,21674.1440676074
21674.1440676074,21674.1440676074
21674.1440676074,21674.1440676074
21674.1440676074,21674.1440676074
21674.1440676074,21674.1440676074
21674.1440676074,21674.1440676074
21674.1440676074,21674.1440676074
21674.1440676074,21674.1440676074
21674.1440676074,21674.1440676074
21674.1440676074,21674.1440676074
21674.1440676074,21674.1440676074
21674.1440676074,21674.1440676074
21674.1440676074,21674.1440676074
21674.1440676074,21674.1440676074
21674.1440676074,21674.1440676074
21674.1440676074,21674.1440676074
21674.1440676074,21674.1440676074
21674.1440676074,21674.1440676074
21674.1440676074,21674.1440676074
21674.1440676074,21674.1440676074
21674.1440676074,21674.1440676074
21674.1440676074,21674.1440676074
21674.1440676074,21674.1440676074
21674.1440676074,21674.1440676074
21674.1440676074,21674.1440676074
21674.1440676074,21674.1440676074
21674.1440676074,21674.1440676074
21674.1440676074,21674.1440676074
21674.1440676074,21674.1440676074
21674.1440676074,21674.1440676074
21674.1440676074,21674.1440676074
21674.1440676074,21674.1440676074
21674.1440676074,21674.1440676074
21674.1440676074,21674.1440676074
21674.1440676074,21674.1440676074
21674.1440676074,21674.1440676074
21674.1440676074,21674.1440676074
21674.1440676074,21674.1440676074
21674.1440676074,21674.1440676074
21674.1440676074,21674.1440676074
21674.1440676074,21674.1440676074
21674.1440676074,21674.1440676074
21674.1440676074,21674.1440676074
21674.1440676074,21674.1440676074
21674.1440676074,21674.1440676074
21674.1440676074,21674.1440676074
21674.1440676074,21674.1440676074
21674.1440676074,21674.1440676074
21674.1440676074,21674.1440676074
21674.1440676074,21674.1440676074
21674.1440676074,21674.1440676074
21674.1440676074,21674.1440676074
21674.1440676074,21674.1440676074
21674.1440676074,21674.1440676074
21674.1440676074,21674.1440676074
21674.1440676074,21674.1440676074
21674.1440676074,21674.1440676074
21674.1440676074,21674.1440676074
21674.1440676074,21674.1440676074
21674.1440676074,21674.1440676074
21674.1440676074,21674.1440676074
21674.1440676074,21674.1440676074
21674.1440676074,21674.1440676074
21674.1440676074,21674.1440676074
21674.1440676074,21674.1440676074
21674.1440676074,21674.1440676074
21674.1440676074,21674.1440676074
21674.1440676074,21674.1440676074
21674.1440676074,21674.1440676074
21674.1440676074,21674.1440676074
21674.1440676074,21674.1440676074
21674.1440676074,21674.1440676074
21674.1440676074,21674.1440676074
21674.1440676074,21674.1440676074
21674.1440676074,21674.1440676074
21674.1440676074,21674.1440676074
21674.1440676074,21674.1440676074
21674.1440676074,21674.1440676074
21674.1440676074,21674.1440676074
21674.1440676074,21674.1440676074
21674.1440676074,21674.1440676074
21674.1440676074,21674.1440676074
21674.1440676074,21674.1440676074
21674.1440676074,21674.1440676074
21674.1440676074,21674.1440676074
21674.1440676074,21674.1440676074
21674.1440676074,21674.1440676074
21674.1440676074,21674.1440676074
21674.1440676074,21674.1440676074
21674.1440676074,21674.1440676074
21674.1440676074,21674.1440676074
21674.1440676074,21674.1440676074
21674.1440676074,21674.1440676074
21674.1440676074,21674.1440676074
21674.1440676074,21674.1440676074
21674.1440676074,21674.1440676074
21674.1440676074,21674.1440676074
21674.1440676074,21674.1440676074
21674.1440676074,21674.1440676074
21674.1440676074,21674.1440676074
21674.1440676074,21674.1440676074
21674.1440676074,21674.1440676074
21409.49996468697,21409.49996468697
20873.55568865773,20873.55568865773
21173.15163368627,21173.15163368627
20519.030592636987,20519.030592636987
20387.541687240187,20387.541687240187
20638.86975050432,20638.86975050432
20970.090152426714,20970.090152426714
20871.889396530896,20871.889396530896
20652.187089920473,20652.187089920473
20524.022970218237,20524.022970218237
20397.52904192238,20397.52904192238
20534.012924420123,20534.012924420123
20127.892561420707,20127.892561420707
20457.449270735968,20457.449270735968
20487.407435502995,20487.407435502995
20801.984412554826,20801.984412554826
20800.320719947693,20800.320719947693
21464.425216399617,21464.425216399617
21069.95460092967,21069.95460092967
21198.11872063191,21198.11872063191
21106.572735164616,21106.572735164616
20677.15287710625,20677.15287710625
20796.989435453885,20796.989435453885
21076.61327063775,21076.61327063775
21231.40557037304,21231.40557037304
21362.89577552969,21362.89577552969
20648.857105186515,20648.857105186515
20524.02297021824,20524.02297021824
19718.443513447175,19718.443513447175
20229.422002290637,20229.422002290637
20181.152820766372,20181.152820766372
19994.73606413723,19994.73606413723
20642.198435478436,20642.198435478436
20816.96284505841,20816.96284505841
21131.53982211024,21131.53982211024
21214.76084574262,21214.76084574262
23733.0325562053,23733.0325562053
23653.14411682658,23653.14411682658
22939.105446483405,22939.105446483405
22556.289777582326,22556.289777582326
23028.98384006401,23028.98384006401
24079.23399015098,24079.23399015098
24050.940817750943,24050.940817750943
23951.075069488146,23951.075069488146
23588.23151043175,23588.23151043175
23480.04469961359,23480.04469961359
24297.27650343383,24297.27650343383
25214.37665503656,25214.37665503656
24814.911062465668,24814.911062465668
24488.686937404065,24488.686937404065
24635.151675784753,24635.151675784753
24873.166298912274,24873.166298912274
25567.232859410764,25567.232859410764
25505.650237749895,25505.650237749895
25655.447560384244,25655.447560384244
25578.883906700088,25578.883906700088
25585.54127664832,25585.54127664832
25703.712842628967,25703.712842628967
25746.99224609169,25746.99224609169
29247.276714551936,29247.276714551936
28178.715547707718,28178.715547707718
28951.0094544975,28951.0094544975
28814.524272239913,28814.524272239913
28886.096848102672,28886.096848102672
28776.243745157688,28776.243745157688
28410.067601847626,28410.067601847626
28370.125981677964,28370.125981677964
28886.096848102672,28886.096848102672
28916.05371310984,28916.05371310984
29769.907550444575,29769.907550444575
29510.257124865235,29510.257124865235
30154.384312433085,30154.384312433085
30156.04800504022,30156.04800504022
29573.50343913324,29573.50343913324
29699.99866718895,29699.99866718895
29813.181754867903,29813.181754867903
29723.30076176759,29723.30076176759
29741.61177852484,29741.61177852484
29808.185478007108,29808.185478007108
29292.217211102095,29292.217211102095
29313.855613073607,29313.855613073607
28866.122138738298,28866.122138738298
28534.9069358553,28534.9069358553
28671.386919073495,28671.386919073495
28901.075280606263,28901.075280606263
28508.2670579836,28508.2670579836
28757.935327920142,28757.935327920142
28609.80169789293,28609.80169789293
28221.989752131056,28221.989752131056
27135.122767568988,27135.122767568988
28608.138005285793,28608.138005285793
27990.637697991155,27990.637697991155
28456.674390524615,28456.674390524615
29453.665581025773,29453.665581025773
29365.450880052296,29365.450880052296
29997.92961985052,29997.92961985052
30152.723219345666,30152.723219345666
31624.074764455352,31624.074764455352
31326.146411313475,31326.146411313475
31562.49214279446,31562.49214279446
31775.540978736215,31775.540978736215
31236.265418213166,31236.265418213166
31016.564411362586,31016.564411362586
31031.540244346474,31031.540244346474
30458.97783408229,30458.97783408229
30567.16464490045,30567.16464490045
31917.012039775815,31917.012039775815
32804.152726851695,32804.152726851695
32874.05641106791,32874.05641106791
31787.18682698616,31787.18682698616
31464.28748761912,31464.28748761912
32452.960215084608,32452.960215084608
32279.858198351925,32279.858198351925
32000.235662927913,32000.235662927913
31296.181747747225,31296.181747747225
31622.413671367925,31622.413671367925
33606.40609816834,33606.40609816834
32374.732868793333,32374.732868793333
32466.27495498107,32466.27495498107
32747.561183012214,32747.561183012214
32815.80377414101,32815.80377414101
32749.224875619344,32749.224875619344
32329.78977272347,32329.78977272347
32496.237019027634,32496.237019027634
32003.565647661875,32003.565647661875
31813.81890629877,31813.81890629877
32100.101411190702,32100.101411190702
31412.69482016014,31412.69482016014
30745.26033897425,30745.26033897425
31109.77019015748,31109.77019015748
30944.986636460453,30944.986636460453
30766.898740945762,30766.898740945762
30880.076629585317,30880.076629585317
30711.970889713426,30711.970889713426
31452.639039849506,31452.639039849506
31374.411693558213,31374.411693558213
31579.134267905207,31579.134267905207
31217.954401455943,31217.954401455943
31178.010181766585,31178.010181766585
31272.88225268829,31272.88225268829
31039.86130690186,31039.86130690186
30873.42185915679,30873.42185915679
31201.312276345216,31201.312276345216
30946.650329067586,30946.650329067586
31168.020227564695,31168.020227564695
31196.315999484435,31196.315999484435
30424.024692214352,30424.024692214352
30477.286251319863,30477.286251319863
30419.031014873253,30419.031014873253
30462.31041833598,30462.31041833598
30670.36037789724,30670.36037789724
30731.945599077808,30731.945599077808
30523.893039996852,30523.893039996852
30846.787180324493,30846.787180324493
30961.636560130268,30961.636560130268
30876.746644851366,30876.746644851366
30667.032992682973,30667.032992682973
30210.981055312004,30210.981055312004
30257.580045429895,30257.580045429895
30765.22984929925,30765.22984929925
30675.354055238335,30675.354055238335
30237.607935585216,30237.607935585216
29601.799211053025,29601.799211053025
29683.356542078276,29683.356542078276
28911.062635288494,28911.062635288494
28308.540760497435,28308.540760497435
28241.96186197577,28241.96186197577
28173.721870366673,28173.721870366673
28521.586996919486,28521.586996919486
28694.686414132477,28694.686414132477
29012.589476638717,29012.589476638717
29322.176675629,29322.176675629
29372.108250000554,29372.108250000554
29799.864415451786,29799.864415451786
29734.951809056955,29734.951809056955
29766.577565710657,29766.577565710657
29460.322950974034,29460.322950974034
29333.827722918326,29333.827722918326
29490.27981598121,29490.27981598121
29458.656658847205,29458.656658847205
29348.806155421913,29348.806155421913
29300.538273657494,29300.538273657494
29388.752974630977,29388.752974630977
29523.57446428144,29523.57446428144
29656.721863245977,29656.721863245977
29270.57880913063,29270.57880913063
29070.849912124737,29070.849912124737
29069.183619997908,29069.183619997908
28698.01379934675,28698.01379934675
28956.000532318954,28956.000532318954
28877.773186027665,28877.773186027665
29182.364108157162,29182.364108157162
29615.11395094949,29615.11395094949
29685.02023468542,29685.02023468542
29388.75297463099,29388.75297463099
28949.340562851034,28949.340562851034
29255.597777107356,29255.597777107356
29503.594555877677,29503.594555877677
29478.631368211598,29478.631368211598
28909.39634316168,28909.39634316168
28764.59269786843,28764.59269786843
28761.262713134467,28761.262713134467
29466.98032092229,29466.98032092229
30688.671394654517,30688.671394654517
30567.164644900506,30567.164644900506
30528.881518298578,30528.881518298578
30650.385668532886,30650.385668532886
29844.80491200197,29844.80491200197
28786.231099839944,28786.231099839944
29418.71503867757,29418.71503867757
29442.011934216815,29442.011934216815
29149.077258416044,29149.077258416044
29317.18299828794,29317.18299828794
29749.932841080266,29749.932841080266
29876.430668655674,29876.430668655674
29809.85177013401,29809.85177013401
29685.02023468544,29685.02023468544
29297.208288923564,29297.208288923564
29218.98094263228,29218.98094263228
28792.885870268474,28792.885870268474
28724.648478179075,28724.648478179075
29412.055069209648,29412.055069209648
29481.963952465278,29481.963952465278
29413.71876181678,29413.71876181678
29471.97399826339,29471.97399826339
29641.74603026212,29641.74603026212
29841.47232774832,29841.47232774832
30139.40847944929,30139.40847944929
29808.18547800719,29808.18547800719
29265.585131789572,29265.585131789572
29084.16465202122,29084.16465202122
28836.165273731207,28836.165273731207
29147.410966289226,29147.410966289226
29570.173454399366,29570.173454399366
29704.994944049835,29704.994944049835
29678.362864737228,29678.362864737228
29387.089282023888,29387.089282023888
29982.951187347022,29982.951187347022
29956.31910803442,29956.31910803442
29956.31910803442,29956.31910803442
29956.31910803442,29956.31910803442
29956.31910803442,29956.31910803442
29956.31910803442,29956.31910803442
29956.31910803442,29956.31910803442
29956.31910803442,29956.31910803442
29956.31910803442,29956.31910803442
29956.31910803442,29956.31910803442
29956.31910803442,29956.31910803442
29956.31910803442,29956.31910803442
29956.31910803442,29956.31910803442
29956.31910803442,29956.31910803442
29956.31910803442,29956.31910803442
29956.31910803442,29956.31910803442
29956.31910803442,29956.31910803442
29956.31910803442,29956.31910803442
29956.31910803442,29956.31910803442
29956.31910803442,29956.31910803442
29956.31910803442,29956.31910803442
29956.31910803442,29956.31910803442
29956.31910803442,29956.31910803442
29956.31910803442,29956.31910803442
29956.31910803442,29956.31910803442
29956.31910803442,29956.31910803442
29956.31910803442,29956.31910803442
29956.31910803442,29956.31910803442
29956.31910803442,29956.31910803442
29956.31910803442,29956.31910803442
29956.31910803442,29956.31910803442
29956.31910803442,29956.31910803442
29956.31910803442,29956.31910803442
29956.31910803442,29956.31910803442
29956.31910803442,29956.31910803442
29956.31910803442,29956.31910803442
29956.31910803442,29956.31910803442
29956.31910803442,29956.31910803442
29956.31910803442,29956.31910803442
29956.31910803442,29956.31910803442
29956.31910803442,29956.31910803442
29956.31910803442,29956.31910803442
29956.31910803442,29956.31910803442
29956.31910803442,29956.31910803442
29956.31910803442,29956.31910803442
29956.31910803442,29956.31910803442
29956.31910803442,29956.31910803442
29956.31910803442,29956.31910803442
29956.31910803442,29956.31910803442
29956.31910803442,29956.31910803442
29956.31910803442,29956.31910803442
29956.31910803442,29956.31910803442
29956.31910803442,29956.31910803442
29956.31910803442,29956.31910803442
29956.31910803442,29956.31910803442
29956.31910803442,29956.31910803442
29956.31910803442,29956.31910803442
29956.31910803442,29956.31910803442
29956.31910803442,29956.31910803442
29956.31910803442,29956.31910803442
29956.31910803442,29956.31910803442
29956.31910803442,29956.31910803442
29956.31910803442,29956.31910803442
29956.31910803442,29956.31910803442
29956.31910803442,29956.31910803442
29956.31910803442,29956.31910803442
29956.31910803442,29956.31910803442
29956.31910803442,29956.31910803442
29956.31910803442,29956.31910803442
29956.31910803442,29956.31910803442
29956.31910803442,29956.31910803442
29956.31910803442,29956.31910803442
29956.31910803442,29956.31910803442
29956.31910803442,29956.31910803442
29956.31910803442,29956.31910803442
29956.31910803442,29956.31910803442
29956.31910803442,29956.31910803442
29956.31910803442,29956.31910803442
29956.31910803442,29956.31910803442
29956.31910803442,29956.31910803442
29956.31910803442,29956.31910803442
29956.31910803442,29956.31910803442
29956.31910803442,29956.31910803442
29956.31910803442,29956.31910803442
29956.31910803442,29956.31910803442
29956.31910803442,29956.31910803442
29956.31910803442,29956.31910803442
29956.31910803442,29956.31910803442
29956.31910803442,29956.31910803442
29956.31910803442,29956.31910803442
29956.31910803442,29956.31910803442
29956.31910803442,29956.31910803442
29956.31910803442,29956.31910803442
29956.31910803442,29956.31910803442
29956.31910803442,29956.31910803442
29956.31910803442,29956.31910803442
29956.31910803442,29956.31910803442
29956.31910803442,29956.31910803442
29956.31910803442,29956.31910803442
29956.31910803442,29956.31910803442
29956.31910803442,29956.31910803442
29956.31910803442,29956.31910803442
29956.31910803442,29956.31910803442
29956.31910803442,29956.31910803442
29956.31910803442,29956.31910803442
29956.31910803442,29956.31910803442
29956.31910803442,29956.31910803442
29956.31910803442,29956.31910803442
29956.31910803442,29956.31910803442
29956.31910803442,29956.31910803442
29956.31910803442,29956.31910803442
29956.31910803442,29956.31910803442
29956.31910803442,29956.31910803442
29956.31910803442,29956.31910803442
29956.31910803442,29956.31910803442
29956.31910803442,29956.31910803442
29956.31910803442,29956.31910803442
29956.31910803442,29956.31910803442
29956.31910803442,29956.31910803442
29956.31910803442,29956.31910803442
29956.31910803442,29956.31910803442
29956.31910803442,29956.31910803442
29956.31910803442,29956.31910803442
29956.31910803442,29956.31910803442
29956.31910803442,29956.31910803442
29956.31910803442,29956.31910803442
29956.31910803442,29956.31910803442
29956.31910803442,29956.31910803442
29956.31910803442,29956.31910803442
29956.31910803442,29956.31910803442
29956.31910803442,29956.31910803442
29956.31910803442,29956.31910803442
29956.31910803442,29956.31910803442
29956.31910803442,29956.31910803442
29956.31910803442,29956.31910803442
29956.31910803442,29956.31910803442
29956.31910803442,29956.31910803442
29956.31910803442,29956.31910803442
29956.31910803442,29956.31910803442
29956.31910803442,29956.31910803442
29956.31910803442,29956.31910803442
29956.31910803442,29956.31910803442
29956.31910803442,29956.31910803442
29956.31910803442,29956.31910803442
29956.31910803442,29956.31910803442
29956.31910803442,29956.31910803442
29956.31910803442,29956.31910803442
29956.31910803442,29956.31910803442
29956.31910803442,29956.31910803442
29956.31910803442,29956.31910803442
29956.31910803442,29956.31910803442
29956.31910803442,29956.31910803442
29956.31910803442,29956.31910803442
29956.31910803442,29956.31910803442
29956.31910803442,29956.31910803442
29956.31910803442,29956.31910803442
29956.31910803442,29956.31910803442
29956.31910803442,29956.31910803442
29956.31910803442,29956.31910803442
29956.31910803442,29956.31910803442
29956.31910803442,29956.31910803442
29956.31910803442,29956.31910803442
29956.31910803442,29956.31910803442
29956.31910803442,29956.31910803442
29956.31910803442,29956.31910803442
29956.31910803442,29956.31910803442
29956.31910803442,29956.31910803442
29956.31910803442,29956.31910803442
29956.31910803442,29956.31910803442
29956.31910803442,29956.31910803442
29956.31910803442,29956.31910803442
29956.31910803442,29956.31910803442
29956.31910803442,29956.31910803442
29956.31910803442,29956.31910803442
29956.31910803442,29956.31910803442
29956.31910803442,29956.31910803442
29956.31910803442,29956.31910803442
29956.31910803442,29956.31910803442
29956.31910803442,29956.31910803442
29956.31910803442,29956.31910803442
29956.31910803442,29956.31910803442
29956.31910803442,29956.31910803442
29956.31910803442,29956.31910803442
29956.31910803442,29956.31910803442
29956.31910803442,29956.31910803442
29956.31910803442,29956.31910803442
29956.31910803442,29956.31910803442
29956.31910803442,29956.31910803442
29956.31910803442,29956.31910803442
29956.31910803442,29956.31910803442
29956.31910803442,29956.31910803442
29956.31910803442,29956.31910803442
29956.31910803442,29956.31910803442
29956.31910803442,29956.31910803442
29956.31910803442,29956.31910803442
29956.31910803442,29956.31910803442
29956.31910803442,29956.31910803442
29956.31910803442,29956.31910803442
29956.31910803442,29956.31910803442
29956.31910803442,29956.31910803442
29956.31910803442,29956.31910803442
29956.31910803442,29956.31910803442
29956.31910803442,29956.31910803442
29956.31910803442,29956.31910803442
29956.31910803442,29956.31910803442
29956.31910803442,29956.31910803442
29956.31910803442,29956.31910803442
29956.31910803442,29956.31910803442
29956.31910803442,29956.31910803442
29956.31910803442,29956.31910803442
29956.31910803442,29956.31910803442
29956.31910803442,29956.31910803442
29956.31910803442,29956.31910803442
29956.31910803442,29956.31910803442
29956.31910803442,29956.31910803442
29956.31910803442,29956.31910803442
29956.31910803442,29956.31910803442
29956.31910803442,29956.31910803442
29956.31910803442,29956.31910803442
29956.31910803442,29956.31910803442
29956.31910803442,29956.31910803442
29956.31910803442,29956.31910803442
29956.31910803442,29956.31910803442
29956.31910803442,29956.31910803442
29956.31910803442,29956.31910803442
29956.31910803442,29956.31910803442
29956.31910803442,29956.31910803442
29956.31910803442,29956.31910803442
29956.31910803442,29956.31910803442
29956.31910803442,29956.31910803442
29956.31910803442,29956.31910803442
29956.31910803442,29956.31910803442
29956.31910803442,29956.31910803442
29956.31910803442,29956.31910803442
29956.31910803442,29956.31910803442
29956.31910803442,29956.31910803442
29956.31910803442,29956.31910803442
29956.31910803442,29956.31910803442
29956.31910803442,29956.31910803442
29956.31910803442,29956.31910803442
29956.31910803442,29956.31910803442
29956.31910803442,29956.31910803442
29956.31910803442,29956.31910803442
29956.31910803442,29956.31910803442
29956.31910803442,29956.31910803442
29956.31910803442,29956.31910803442
29956.31910803442,29956.31910803442
29956.31910803442,29956.31910803442
29956.31910803442,29956.31910803442
29956.31910803442,29956.31910803442
29956.31910803442,29956.31910803442
29956.31910803442,29956.31910803442
29956.31910803442,29956.31910803442
29956.31910803442,29956.31910803442
29956.31910803442,29956.31910803442
29956.31910803442,29956.31910803442
29956.31910803442,29956.31910803442
29956.31910803442,29956.31910803442
29956.31910803442,29956.31910803442
29956.31910803442,29956.31910803442
29956.31910803442,29956.31910803442
29956.31910803442,29956.31910803442
29956.31910803442,29956.31910803442
29956.31910803442,29956.31910803442
29956.31910803442,29956.31910803442
29956.31910803442,29956.31910803442
29956.31910803442,29956.31910803442
29956.31910803442,29956.31910803442
29956.31910803442,29956.31910803442
29956.31910803442,29956.31910803442
29956.31910803442,29956.31910803442
29956.31910803442,29956.31910803442
29956.31910803442,29956.31910803442
29956.31910803442,29956.31910803442
29956.31910803442,29956.31910803442
29956.31910803442,29956.31910803442
29956.31910803442,29956.31910803442
29956.31910803442,29956.31910803442
29956.31910803442,29956.31910803442
29956.31910803442,29956.31910803442
29956.31910803442,29956.31910803442
29956.31910803442,29956.31910803442
29956.31910803442,29956.31910803442
29956.31910803442,29956.31910803442
29956.31910803442,29956.31910803442
29956.31910803442,29956.31910803442
29956.31910803442,29956.31910803442
29956.31910803442,29956.31910803442
29956.31910803442,29956.31910803442
29956.31910803442,29956.31910803442
29956.31910803442,29956.31910803442
29956.31910803442,29956.31910803442
29956.31910803442,29956.31910803442
29956.31910803442,29956.31910803442
29956.31910803442,29956.31910803442
29956.31910803442,29956.31910803442
29956.31910803442,29956.31910803442
29956.31910803442,29956.31910803442
29956.31910803442,29956.31910803442
29956.31910803442,29956.31910803442
29956.31910803442,29956.31910803442
29956.31910803442,29956.31910803442
29956.31910803442,29956.31910803442
29956.31910803442,29956.31910803442
29956.31910803442,29956.31910803442
29956.31910803442,29956.31910803442
29956.31910803442,29956.31910803442
29956.31910803442,29956.31910803442
29956.31910803442,29956.31910803442
29956.31910803442,29956.31910803442
29956.31910803442,29956.31910803442
29956.31910803442,29956.31910803442
29956.31910803442,29956.31910803442
29956.31910803442,29956.31910803442
29956.31910803442,29956.31910803442
29956.31910803442,29956.31910803442
29956.31910803442,29956.31910803442
29956.31910803442,29956.31910803442
29956.31910803442,29956.31910803442
29956.31910803442,29956.31910803442
29956.31910803442,29956.31910803442
29956.31910803442,29956.31910803442
29956.31910803442,29956.31910803442
29956.31910803442,29956.31910803442
29956.31910803442,29956.31910803442
29956.31910803442,29956.31910803442
29956.31910803442,29956.31910803442
29956.31910803442,29956.31910803442
29956.31910803442,29956.31910803442
29956.31910803442,29956.31910803442
29956.31910803442,29956.31910803442
29956.31910803442,29956.31910803442
29956.31910803442,29956.31910803442
29956.31910803442,29956.31910803442
29956.31910803442,29956.31910803442
29956.31910803442,29956.31910803442
29956.31910803442,29956.31910803442
29956.31910803442,29956.31910803442
29956.31910803442,29956.31910803442
29956.31910803442,29956.31910803442
29956.31910803442,29956.31910803442
29956.31910803442,29956.31910803442
29956.31910803442,29956.31910803442
29956.31910803442,29956.31910803442
29956.31910803442,29956.31910803442
29956.31910803442,29956.31910803442
29956.31910803442,29956.31910803442
29956.31910803442,29956.31910803442
29956.31910803442,29956.31910803442
29956.31910803442,29956.31910803442
29956.31910803442,29956.31910803442
29956.31910803442,29956.31910803442
29956.31910803442,29956.31910803442
29956.31910803442,29956.31910803442
29956.31910803442,29956.31910803442
29956.31910803442,29956.31910803442
29956.31910803442,29956.31910803442
29956.31910803442,29956.31910803442
29956.31910803442,29956.31910803442
29956.31910803442,29956.31910803442
29956.31910803442,29956.31910803442
29956.31910803442,29956.31910803442
29956.31910803442,29956.31910803442
29956.31910803442,29956.31910803442
29956.31910803442,29956.31910803442
29956.31910803442,29956.31910803442
29956.31910803442,29956.31910803442
29956.31910803442,29956.31910803442
29956.31910803442,29956.31910803442
29956.31910803442,29956.31910803442
29956.31910803442,29956.31910803442
29956.31910803442,29956.31910803442
29956.31910803442,29956.31910803442
29956.31910803442,29956.31910803442
29956.31910803442,29956.31910803442
29956.31910803442,29956.31910803442
29956.31910803442,29956.31910803442
29956.31910803442,29956.31910803442
29956.31910803442,29956.31910803442
29956.31910803442,29956.31910803442
29956.31910803442,29956.31910803442
29956.31910803442,29956.31910803442
29956.31910803442,29956.31910803442
29956.31910803442,29956.31910803442
29956.31910803442,29956.31910803442
29956.31910803442,29956.31910803442
29645.776446059135,29645.776446059135
29889.092449360556,29889.092449360556
29805.850395541107,29805.850395541107
30186.827295330393,30186.827295330393
29837.86368540049,29837.86368540049
30164.419242459666,30164.419242459666
30907.162568060932,30907.162568060932
30382.117113688517,30382.117113688517
30679.85945984341,30679.85945984341
30119.598136594832,30119.598136594832
30612.62530098449,30612.62530098449
30356.50648180101,30356.50648180101
31012.812674751094,31012.812674751094
31406.594890484146,31406.594890484146
32056.495925400675,32056.495925400675
31938.04300282842,31938.04300282842
31877.214002003075,31877.214002003075
31986.066687710034,31986.066687710034
32005.269661502294,32005.269661502294
32274.198796752906,32274.198796752906
32149.33821608541,32149.33821608541
31355.373626709134,31355.373626709134
31355.373626709134,31355.373626709134
31355.373626709134,31355.373626709134
31355.373626709134,31355.373626709134
31355.373626709134,31355.373626709134
31355.373626709134,31355.373626709134
31355.373626709134,31355.373626709134
31355.373626709134,31355.373626709134
31355.373626709134,31355.373626709134
31355.373626709134,31355.373626709134
31355.373626709134,31355.373626709134
31355.373626709134,31355.373626709134
31355.373626709134,31355.373626709134
31355.373626709134,31355.373626709134
31355.373626709134,31355.373626709134
31355.373626709134,31355.373626709134
31355.373626709134,31355.373626709134
31355.373626709134,31355.373626709134
31355.373626709134,31355.373626709134
31355.373626709134,31355.373626709134
31355.373626709134,31355.373626709134
31355.373626709134,31355.373626709134
31355.373626709134,31355.373626709134
31355.373626709134,31355.373626709134
31355.373626709134,31355.373626709134
31355.373626709134,31355.373626709134
31355.373626709134,31355.373626709134
31355.373626709134,31355.373626709134
31355.373626709134,31355.373626709134
31355.373626709134,31355.373626709134
31355.373626709134,31355.373626709134
31355.373626709134,31355.373626709134
31355.373626709134,31355.373626709134
31355.373626709134,31355.373626709134
31355.373626709134,31355.373626709134
31355.373626709134,31355.373626709134
31355.373626709134,31355.373626709134
31355.373626709134,31355.373626709134
31355.373626709134,31355.373626709134
31355.373626709134,31355.373626709134
31355.373626709134,31355.373626709134
31355.373626709134,31355.373626709134
31355.373626709134,31355.373626709134
31355.373626709134,31355.373626709134
31355.373626709134,31355.373626709134
31355.373626709134,31355.373626709134
31355.373626709134,31355.373626709134
31355.373626709134,31355.373626709134
31355.373626709134,31355.373626709134
31355.373626709134,31355.373626709134
31355.373626709134,31355.373626709134
31355.373626709134,31355.373626709134
31355.373626709134,31355.373626709134
31355.373626709134,31355.373626709134
31355.373626709134,31355.373626709134
31355.373626709134,31355.373626709134
31355.373626709134,31355.373626709134
31355.373626709134,31355.373626709134
31355.373626709134,31355.373626709134
31355.373626709134,31355.373626709134
31355.373626709134,31355.373626709134
31355.373626709134,31355.373626709134
31355.373626709134,31355.373626709134
31355.373626709134,31355.373626709134
31355.373626709134,31355.373626709134
31355.373626709134,31355.373626709134
31355.373626709134,31355.373626709134
31355.373626709134,31355.373626709134
31355.373626709134,31355.373626709134
31355.373626709134,31355.373626709134
31355.373626709134,31355.373626709134
31355.373626709134,31355.373626709134
31355.373626709134,31355.373626709134
31355.373626709134,31355.373626709134
31355.373626709134,31355.373626709134
31355.373626709134,31355.373626709134
31355.373626709134,31355.373626709134
31355.373626709134,31355.373626709134
31355.373626709134,31355.373626709134
31355.373626709134,31355.373626709134
31355.373626709134,31355.373626709134
31355.373626709134,31355.373626709134
31355.373626709134,31355.373626709134
31355.373626709134,31355.373626709134
31355.373626709134,31355.373626709134
31355.373626709134,31355.373626709134
31355.373626709134,31355.373626709134
31355.373626709134,31355.373626709134
31355.373626709134,31355.373626709134
31355.373626709134,31355.373626709134
31355.373626709134,31355.373626709134
31355.373626709134,31355.373626709134
31355.373626709134,31355.373626709134
31355.373626709134,31355.373626709134
31355.373626709134,31355.373626709134
31355.373626709134,31355.373626709134
31355.373626709134,31355.373626709134
31355.373626709134,31355.373626709134
31355.373626709134,31355.373626709134
31355.373626709134,31355.373626709134
31355.373626709134,31355.373626709134
31355.373626709134,31355.373626709134
31355.373626709134,31355.373626709134
31355.373626709134,31355.373626709134
31355.373626709134,31355.373626709134
31355.373626709134,31355.373626709134
31355.373626709134,31355.373626709134
31355.373626709134,31355.373626709134
31355.373626709134,31355.373626709134
31355.373626709134,31355.373626709134
31355.373626709134,31355.373626709134
31355.373626709134,31355.373626709134
31355.373626709134,31355.373626709134
31355.373626709134,31355.373626709134
31355.373626709134,31355.373626709134
31355.373626709134,31355.373626709134
31355.373626709134,31355.373626709134
31355.373626709134,31355.373626709134
31355.373626709134,31355.373626709134
31355.373626709134,31355.373626709134
31355.373626709134,31355.373626709134
31355.373626709134,31355.373626709134
31355.373626709134,31355.373626709134
31355.373626709134,31355.373626709134
31355.373626709134,31355.373626709134
31355.373626709134,31355.373626709134
31355.373626709134,31355.373626709134
31355.373626709134,31355.373626709134
31355.373626709134,31355.373626709134
31355.373626709134,31355.373626709134
31355.373626709134,31355.373626709134
31355.373626709134,31355.373626709134
31355.373626709134,31355.373626709134
31355.373626709134,31355.373626709134
31355.373626709134,31355.373626709134
31355.373626709134,31355.373626709134
31355.373626709134,31355.373626709134
31355.373626709134,31355.373626709134
31355.373626709134,31355.373626709134
31355.373626709134,31355.373626709134
31355.373626709134,31355.373626709134
31355.373626709134,31355.373626709134
31355.373626709134,31355.373626709134
31355.373626709134,31355.373626709134
31355.373626709134,31355.373626709134
31355.373626709134,31355.373626709134
31355.373626709134,31355.373626709134
31355.373626709134,31355.373626709134
31355.373626709134,31355.373626709134
31355.373626709134,31355.373626709134
31355.373626709134,31355.373626709134
31355.373626709134,31355.373626709134
31355.373626709134,31355.373626709134
31355.373626709134,31355.373626709134
31355.373626709134,31355.373626709134
31355.373626709134,31355.373626709134
31355.373626709134,31355.373626709134
31355.373626709134,31355.373626709134
31355.373626709134,31355.373626709134
31355.373626709134,31355.373626709134
31355.373626709134,31355.373626709134
31355.373626709134,31355.373626709134
31355.373626709134,31355.373626709134
31355.373626709134,31355.373626709134
31355.373626709134,31355.373626709134
31355.373626709134,31355.373626709134
31355.373626709134,31355.373626709134
31355.373626709134,31355.373626709134
31355.373626709134,31355.373626709134
31355.373626709134,31355.373626709134
31355.373626709134,31355.373626709134
31355.373626709134,31355.373626709134
31355.373626709134,31355.373626709134
31355.373626709134,31355.373626709134
31355.373626709134,31355.373626709134
31355.373626709134,31355.373626709134
31355.373626709134,31355.373626709134
31355.373626709134,31355.373626709134
31355.373626709134,31355.373626709134
31355.373626709134,31355.373626709134
31355.373626709134,31355.373626709134
31355.373626709134,31355.373626709134
31355.373626709134,31355.373626709134
31355.373626709134,31355.373626709134
30982.460131917418,30982.460131917418
31098.78372696367,31098.78372696367
31321.162527731085,31321.162527731085
30677.974161009875,30677.974161009875
30547.968256743636,30547.968256743636
30602.708145479744,30602.708145479744
30910.61602517431,30910.61602517431
31834.344990186066,31834.344990186066
30907.194116387298,30907.194116387298
31546.96323728553,31546.96323728553
31837.764236009047,31837.764236009047
32528.85133685637,32528.85133685637
32080.66916357048,32080.66916357048
31988.298930033343,31988.298930033343
32453.585321326227,32453.585321326227
32624.643479180515,32624.643479180515
33353.36092482887,33353.36092482887
33165.19322303951,33165.19322303951
32860.707252131964,32860.707252131964
33206.24547662756,33206.24547662756
33230.19351220859,33230.19351220859
33065.97917192834,33065.97917192834
33969.17934718203,33969.17934718203
33917.86136723294,33917.86136723294
37818.03583225614,37818.03583225614
37082.477231997786,37082.477231997786
37390.38511169234,37390.38511169234
37790.665887888084,37790.665887888084
38166.99862850278,38166.99862850278
38471.48459941033,38471.48459941033
38180.68360068681,38180.68360068681
37441.70575460548,37441.70575460548
36836.153058613374,36836.153058613374
36825.88466928829,36825.88466928829
36860.098431230384,36860.098431230384
36839.572304436355,36839.572304436355
37434.86193703146,37434.86193703146
37906.98948293435,37906.98948293435
38173.84244607682,38173.84244607682
38300.42910452008,38300.42910452008
38895.71607415115,38895.71607415115
38615.17813882464,38615.17813882464
37653.81882901186,37653.81882901186
37694.87374556395,37694.87374556395
37742.772479690066,37742.772479690066
38423.591191212305,38423.591191212305
38474.909171161395,38474.909171161395
38488.59414334542,38488.59414334542
38338.059449321125,38338.059449321125
38300.429104520095,38300.429104520095
38950.455962887274,38950.455962887274
39176.2566724417,39176.2566724417
39843.39041177992,39843.39041177992
39925.50024488408,39925.50024488408
39641.54306373459,39641.54306373459
40835.54423771181,40835.54423771181
41030.55309411117,41030.55309411117
41389.77895375482,41389.77895375482
41861.906499657714,41861.906499657714
41577.94399258015,41577.94399258015
42019.27968532797,42019.27968532797
40705.53567048153,40705.53567048153
40058.9253949733,40058.9253949733
40500.2664136492,40500.2664136492
40147.879045651505,40147.879045651505
40359.997445985944,40359.997445985944
40093.14181987943,40093.14181987943
40079.45684769541,40079.45684769541
39005.19585162338,39005.19585162338
38642.54808319272,38642.54808319272
38960.7190262843,38960.7190262843
38639.12883736974,38639.12883736974
38464.646107764405,38464.646107764405
38526.22715111051,38526.22715111051
38314.11407670413,38314.11407670413
38902.557228761165,38902.557228761165
38974.40399846832,38974.40399846832
38580.964376882584,38580.964376882584
38567.28473062663,38567.28473062663
38344.90326689518,38344.90326689518
38009.62544283256,38009.62544283256
37797.51236842619,37797.51236842619
38529.65172286156,38529.65172286156
38885.4556737182,38885.4556737182
39846.81232056694,39846.81232056694
36056.11497005192,36056.11497005192
36073.221851022965,36073.221851022965
36196.386600679216,36196.386600679216
36192.967354856235,36192.967354856235
36206.65232704026,36206.65232704026
36042.4299978679,36042.4299978679
35159.75594940823,35159.75594940823
35365.03053216864,35365.03053216864
35323.97561561655,35323.97561561655
35204.23543771136,35204.23543771136
35241.86844547643,35241.86844547643
35245.28502833538,35245.28502833538
34437.88498429794,34437.88498429794
34814.2150619486,34814.2150619486
35046.8622520411,35046.8622520411
34513.15099982808,34513.15099982808
34793.68893515458,34793.68893515458
35549.776325171,35549.776325171
35159.75594940823,35159.75594940823
35351.34555998461,35351.34555998461
34725.26407423444,34725.26407423444
34626.05002312327,34626.05002312327
34738.94904641847,34738.94904641847
35149.495548975254,35149.495548975254
34509.72909104107,34509.72909104107
34485.778392495995,34485.778392495995
34242.87346493456,34242.87346493456
34201.81854838247,34201.81854838247
34732.10522884445,34732.10522884445
34725.26407423446,34725.26407423446
34841.58500631668,34841.58500631668
34988.697791553954,34988.697791553954
34889.486403406816,34889.486403406816
34964.747093008875,34964.747093008875
34957.90593839888,34957.90593839888
34954.486692575905,34954.486692575905
33969.179347182086,33969.179347182086
33541.5286266183,33541.5286266183
33524.421745647254,33524.421745647254
33736.53215708958,33736.53215708958
33524.421745647254,33524.421745647254
33465.990988756435,33465.990988756435
33356.01057404533,33356.01057404533
33328.512807403524,33328.512807403524
33201.34295983624,33201.34295983624
33383.503014759066,33383.503014759066
33294.1445935473,33294.1445935473
33844.06264488701,33844.06264488701
33445.368995257086,33445.368995257086
33266.64948986954,33266.64948986954
32905.76460363109,32905.76460363109
32352.406002756114,32352.406002756114
31256.0051236839,31256.0051236839
30864.18991016048,30864.18991016048
30661.407861738317,30661.407861738317
30661.407861738317,30661.407861738317
30661.407861738317,30661.407861738317
30661.407861738317,30661.407861738317
30661.407861738317,30661.407861738317
30661.407861738317,30661.407861738317
30661.407861738317,30661.407861738317
30661.407861738317,30661.407861738317
30661.407861738317,30661.407861738317
30661.407861738317,30661.407861738317
30661.407861738317,30661.407861738317
30661.407861738317,30661.407861738317
30661.407861738317,30661.407861738317
30661.407861738317,30661.407861738317
30661.407861738317,30661.407861738317
30661.407861738317,30661.407861738317
30661.407861738317,30661.407861738317
30661.407861738317,30661.407861738317
30661.407861738317,30661.407861738317
30661.407861738317,30661.407861738317
30661.407861738317,30661.407861738317
30661.407861738317,30661.407861738317
30661.407861738317,30661.407861738317
30661.407861738317,30661.407861738317
30661.407861738317,30661.407861738317
30661.407861738317,30661.407861738317
30661.407861738317,30661.407861738317
30661.407861738317,30661.407861738317
30661.407861738317,30661.407861738317
30661.407861738317,30661.407861738317
30661.407861738317,30661.407861738317
30661.407861738317,30661.407861738317
30661.407861738317,30661.407861738317
30661.407861738317,30661.407861738317
30661.407861738317,30661.407861738317
30661.407861738317,30661.407861738317
30661.407861738317,30661.407861738317
30661.407861738317,30661.407861738317
30661.407861738317,30661.407861738317
30661.407861738317,30661.407861738317
30661.407861738317,30661.407861738317
30661.407861738317,30661.407861738317
30661.407861738317,30661.407861738317
30661.407861738317,30661.407861738317
30661.407861738317,30661.407861738317
30661.407861738317,30661.407861738317
30661.407861738317,30661.407861738317
30661.407861738317,30661.407861738317
30661.407861738317,30661.407861738317
30661.407861738317,30661.407861738317
30661.407861738317,30661.407861738317
30661.407861738317,30661.407861738317
30661.407861738317,30661.407861738317
30661.407861738317,30661.407861738317
30661.407861738317,30661.407861738317
30661.407861738317,30661.407861738317
30661.407861738317,30661.407861738317
30661.407861738317,30661.407861738317
30661.407861738317,30661.407861738317
30661.407861738317,30661.407861738317
30661.407861738317,30661.407861738317
30661.407861738317,30661.407861738317
30661.407861738317,30661.407861738317
30661.407861738317,30661.407861738317
30661.407861738317,30661.407861738317
30661.407861738317,30661.407861738317
30661.407861738317,30661.407861738317
30661.407861738317,30661.407861738317
30661.407861738317,30661.407861738317
30661.407861738317,30661.407861738317
30661.407861738317,30661.407861738317
30661.407861738317,30661.407861738317
30661.407861738317,30661.407861738317
30661.407861738317,30661.407861738317
30661.407861738317,30661.407861738317
30661.407861738317,30661.407861738317
30661.407861738317,30661.407861738317
30661.407861738317,30661.407861738317
30661.407861738317,30661.407861738317
30661.407861738317,30661.407861738317
30661.407861738317,30661.407861738317
30661.407861738317,30661.407861738317
30661.407861738317,30661.407861738317
30661.407861738317,30661.407861738317
30661.407861738317,30661.407861738317
30661.407861738317,30661.407861738317
30661.407861738317,30661.407861738317
30661.407861738317,30661.407861738317
30661.407861738317,30661.407861738317
30661.407861738317,30661.407861738317
30661.407861738317,30661.407861738317
30661.407861738317,30661.407861738317
30661.407861738317,30661.407861738317
30661.407861738317,30661.407861738317
30661.407861738317,30661.407861738317
30661.407861738317,30661.407861738317
30661.407861738317,30661.407861738317
30661.407861738317,30661.407861738317
30661.407861738317,30661.407861738317
30661.407861738317,30661.407861738317
30661.407861738317,30661.407861738317
30661.407861738317,30661.407861738317
30661.407861738317,30661.407861738317
30661.407861738317,30661.407861738317
30661.407861738317,30661.407861738317
30661.407861738317,30661.407861738317
30661.407861738317,30661.407861738317
30661.407861738317,30661.407861738317
30661.407861738317,30661.407861738317
30661.407861738317,30661.407861738317
30813.605703243473,30813.605703243473
30666.94077625699,30666.94077625699
30761.030207643587,30761.030207643587
30730.590639342554,30730.590639342554
30824.675801504985,30824.675801504985
30373.610922284028,30373.610922284028
30066.444512790215,30066.444512790215
29908.70948754222,29908.70948754222
29919.777451191647,29919.777451191647
29936.382598583918,29936.382598583918
29460.41106558059,29460.41106558059
29615.37536434508,29615.37536434508
30080.278933698974,30080.278933698974
30110.720636612088,30110.720636612088
30727.82204747113,30727.82204747113
31037.75918344845,31037.75918344845
31364.292928369698,31364.292928369698
31032.221999705605,31032.221999705605
31322.78753103132,31322.78753103132
31389.20171676415,31389.20171676415
31286.810778987456,31286.810778987456
31546.93460740005,31546.93460740005
31353.22709933236,31353.22709933236
30589.458626874744,30589.458626874744
31018.383309572684,31018.383309572684
30678.010874518503,30678.010874518503
30240.78255081839,30240.78255081839
30168.83118134273,30168.83118134273
30226.945995297538,30226.945995297538
30326.566206590716,30326.566206590716
30545.18250305286,30545.18250305286
30318.264700200627,30318.264700200627
30813.605703243462,30813.605703243462
30592.227218746153,30592.227218746153
30069.21097004954,30069.21097004954
30772.09603668092,30772.09603668092
30586.6921696154,30586.6921696154
30946.436209321182,30946.436209321182
30802.53987420612,30802.53987420612
31491.59051992873,31491.59051992873
31212.095086864538,31212.095086864538
30166.066858695467,30166.066858695467
30249.081922596393,30249.081922596393
29175.380583385628,29175.380583385628
29197.520779908653,29197.520779908653
28525.071012354136,28525.071012354136
27091.623498825506,27091.623498825506
27329.60926532716,27329.60926532716
26806.59301663054,26806.59301663054
27296.40110515471,27296.40110515471
27495.645796965247,27495.645796965247
27492.877205093824,27492.877205093824
27753.003168118506,27753.003168118506
27357.28024175677,27357.28024175677
27523.31890800694,27523.31890800694
27722.561465205392,27722.561465205392
28118.28225695504,28118.28225695504
27888.597996843473,27888.597996843473
27797.277157328303,27797.277157328303
27138.666079906714,27138.666079906714
27313.004117934892,27313.004117934892
27030.744362223442,27030.744362223442
27086.08631508266,27086.08631508266
24584.470376861944,24584.470376861944
24584.470376861944,24584.470376861944
24584.470376861944,24584.470376861944
24584.470376861944,24584.470376861944
24584.470376861944,24584.470376861944
24584.470376861944,24584.470376861944
24584.470376861944,24584.470376861944
24584.470376861944,24584.470376861944
24584.470376861944,24584.470376861944
24584.470376861944,24584.470376861944
24584.470376861944,24584.470376861944
24584.470376861944,24584.470376861944
24584.470376861944,24584.470376861944
24584.470376861944,24584.470376861944
24584.470376861944,24584.470376861944
24584.470376861944,24584.470376861944
24584.470376861944,24584.470376861944
24584.470376861944,24584.470376861944
24584.470376861944,24584.470376861944
24584.470376861944,24584.470376861944
24584.470376861944,24584.470376861944
24584.470376861944,24584.470376861944
24584.470376861944,24584.470376861944
24584.470376861944,24584.470376861944
24584.470376861944,24584.470376861944
24584.470376861944,24584.470376861944
24584.470376861944,24584.470376861944
24584.470376861944,24584.470376861944
24584.470376861944,24584.470376861944
24584.470376861944,24584.470376861944
24584.470376861944,24584.470376861944
24584.470376861944,24584.470376861944
24584.470376861944,24584.470376861944
24584.470376861944,24584.470376861944
24584.470376861944,24584.470376861944
24584.470376861944,24584.470376861944
24584.470376861944,24584.470376861944
24584.470376861944,24584.470376861944
24584.470376861944,24584.470376861944
24584.470376861944,24584.470376861944
24584.470376861944,24584.470376861944
24584.470376861944,24584.470376861944
24584.470376861944,24584.470376861944
24584.470376861944,24584.470376861944
24584.470376861944,24584.470376861944
24584.470376861944,24584.470376861944
24584.470376861944,24584.470376861944
24584.470376861944,24584.470376861944
24584.470376861944,24584.470376861944
24584.470376861944,24584.470376861944
24584.470376861944,24584.470376861944
24584.470376861944,24584.470376861944
24584.470376861944,24584.470376861944
24584.470376861944,24584.470376861944
24584.470376861944,24584.470376861944
24584.470376861944,24584.470376861944
24584.470376861944,24584.470376861944
24584.470376861944,24584.470376861944
24584.470376861944,24584.470376861944
24584.470376861944,24584.470376861944
24584.470376861944,24584.470376861944
24584.470376861944,24584.470376861944
24584.470376861944,24584.470376861944
24584.470376861944,24584.470376861944
24584.470376861944,24584.470376861944
24584.470376861944,24584.470376861944
24584.470376861944,24584.470376861944
24584.470376861944,24584.470376861944
24584.470376861944,24584.470376861944
24584.470376861944,24584.470376861944
24584.470376861944,24584.470376861944
24584.470376861944,24584.470376861944
24584.470376861944,24584.470376861944
24584.470376861944,24584.470376861944
24584.470376861944,24584.470376861944
24584.470376861944,24584.470376861944
24584.470376861944,24584.470376861944
24584.470376861944,24584.470376861944
24584.470376861944,24584.470376861944
24584.470376861944,24584.470376861944
24508.610929456565,24508.610929456565
24420.450758717987,24420.450758717987
23903.788882824778,23903.788882824778
24469.65522684572,24469.65522684572
24258.48152359539,24258.48152359539
23612.653391331394,23612.653391331394
23143.148750134456,23143.148750134456
23050.88781335317,23050.88781335317
23075.490834814507,23075.490834814507
23315.369900363843,23315.369900363843
23914.04079793156,23914.04079793156
23846.38130781666,23846.38130781666
23657.76024300631,23657.76024300631
23895.588925534284,23895.588925534284
23838.17977573123,23838.17977573123
23996.04981960606,23996.04981960606
23825.879052398028,23825.879052398028
24369.194332773943,24369.194332773943
24133.41603326732,24133.41603326732
24121.11530993412,24121.11530993412
24211.32428889911,24211.32428889911
24119.064926912768,24119.064926912768
24270.78224692858,24270.78224692858
24248.2296084886,24248.2296084886
24065.75811794737,24065.75811794737
24358.942417667164,24358.942417667164
24174.422118899525,24174.422118899525
24365.093566731233,24365.093566731233
24063.709309720965,24063.709309720965
23739.769264680817,23739.769264680817
24004.2513516915,24004.2513516915
23774.62420124895,23774.62420124895
23704.91590290764,23704.91590290764
23624.95726425449,23624.95726425449
23803.32641395805,23803.32641395805
23549.09624205416,23549.09624205416
23323.569857654325,23323.569857654325
23077.53964304092,23077.53964304092
23013.984068558628,23013.984068558628
23255.911942334376,23255.911942334376
23165.70138857444,23165.70138857444
23264.113474419806,23264.113474419806
23532.694752678253,23532.694752678253
23475.288752465094,23475.288752465094
23157.499856489016,23157.499856489016
22991.429855323702,22991.429855323702
23059.089345438602,23059.089345438602
23116.495345651765,23116.495345651765
23071.390068771798,23071.390068771798
22940.175004174605,22940.175004174605
22755.651555817076,22755.651555817076
22386.609383486862,22386.609383486862
22608.035001843986,22608.035001843986
22792.556875406568,22792.556875406568
22903.269684585124,22903.269684585124
22528.074788395887,22528.074788395887
22690.044023518487,22690.044023518487
22954.52611052916,22954.52611052916
23434.28424162784,23434.28424162784
23184.153260971714,23184.153260971714
23173.901345864928,23173.901345864928
22897.120110316,22897.120110316
23032.434366160953,23032.434366160953
22890.96896125193,22890.96896125193
22601.883852779913,22601.883852779913
22929.923089067823,22929.923089067823
23089.843515964014,23089.843515964014
22987.33066407594,22987.33066407594
22854.065216457395,22854.065216457395
22831.511003222462,22831.511003222462
22653.140278723953,22653.140278723953
22704.39670466799,22704.39670466799
23011.932110742327,23011.932110742327
23547.04585903281,23547.04585903281
23916.09118095292,23916.09118095292
22062.67091324166,22062.67091324166
21691.576783095134,21691.576783095134
21669.02414465515,21669.02414465515
21789.987294145554,21789.987294145554
21459.89767483628,21459.89767483628
21056.000565937935,21056.000565937935
21379.939036183132,21379.939036183132
20900.182479879404,20900.182479879404
21181.064481471047,21181.064481471047
21205.669077727336,21205.669077727336
21418.894738793977,21418.894738793977
21890.449763012275,21890.449763012275
21492.703803178,21492.703803178
21679.274484966994,21679.274484966994
21623.918867775184,21623.918867775184
21589.065506002004,21589.065506002004
22066.770104489435,22066.770104489435
21941.704614161372,21941.704614161372
22312.80031910284,22312.80031910284
22852.01325864109,22852.01325864109
22852.01325864109,22852.01325864109
22852.01325864109,22852.01325864109
22852.01325864109,22852.01325864109
22852.01325864109,22852.01325864109
22852.01325864109,22852.01325864109
22852.01325864109,22852.01325864109
22852.01325864109,22852.01325864109
22852.01325864109,22852.01325864109
22852.01325864109,22852.01325864109
22852.01325864109,22852.01325864109
22852.01325864109,22852.01325864109
22852.01325864109,22852.01325864109
22852.01325864109,22852.01325864109
22852.01325864109,22852.01325864109
22852.01325864109,22852.01325864109
22852.01325864109,22852.01325864109
22852.01325864109,22852.01325864109
22852.01325864109,22852.01325864109
22852.01325864109,22852.01325864109
22852.01325864109,22852.01325864109
22852.01325864109,22852.01325864109
22852.01325864109,22852.01325864109
22852.01325864109,22852.01325864109
22852.01325864109,22852.01325864109
22852.01325864109,22852.01325864109
22852.01325864109,22852.01325864109
22852.01325864109,22852.01325864109
22852.01325864109,22852.01325864109
22852.01325864109,22852.01325864109
22852.01325864109,22852.01325864109
22852.01325864109,22852.01325864109
22852.01325864109,22852.01325864109
22852.01325864109,22852.01325864109
22852.01325864109,22852.01325864109
22852.01325864109,22852.01325864109
22852.01325864109,22852.01325864109
22852.01325864109,22852.01325864109
22852.01325864109,22852.01325864109
22852.01325864109,22852.01325864109
22852.01325864109,22852.01325864109
22852.01325864109,22852.01325864109
22852.01325864109,22852.01325864109
22852.01325864109,22852.01325864109
22852.01325864109,22852.01325864109
22852.01325864109,22852.01325864109
22852.01325864109,22852.01325864109
22852.01325864109,22852.01325864109
22852.01325864109,22852.01325864109
22852.01325864109,22852.01325864109
22852.01325864109,22852.01325864109
22852.01325864109,22852.01325864109
22852.01325864109,22852.01325864109
22852.01325864109,22852.01325864109
22852.01325864109,22852.01325864109
22852.01325864109,22852.01325864109
22852.01325864109,22852.01325864109
22852.01325864109,22852.01325864109
22852.01325864109,22852.01325864109
22852.01325864109,22852.01325864109
22852.01325864109,22852.01325864109
22852.01325864109,22852.01325864109
22852.01325864109,22852.01325864109
22852.01325864109,22852.01325864109
22852.01325864109,22852.01325864109
22852.01325864109,22852.01325864109
22852.01325864109,22852.01325864109
22852.01325864109,22852.01325864109
22852.01325864109,22852.01325864109
22852.01325864109,22852.01325864109
22852.01325864109,22852.01325864109
22852.01325864109,22852.01325864109
22852.01325864109,22852.01325864109
22852.01325864109,22852.01325864109
