Close,High,Low,Open,Volume,MA_short,MA_long,Signal,Position,Returns,Strategy_Returns,Equity
META,META,META,META,META,,,,,,,
343.5936279296875,350.41012995956766,337.36252824234924,348.5844607184317,19042200,,,0,0.0,0.0,0.0,100000.0
341.787841796875,345.24075624582997,340.507877692872,342.29388045472786,15451100,,,0,0.0,-0.005255586792145106,-0.0,100000.0
344.41717529296875,345.43915407584143,340.72613954007755,341.8175805411929,12099900,,,0,0.0,0.007692881883306857,0.0,100000.0
349.2095642089844,350.7474830694431,343.56386679743633,344.2881632956087,13920700,,,0,0.0,0.01391448876479262,0.0,100000.0
355.8673400878906,356.18485571303864,349.3087923232341,351.93818263654276,13890200,,,0,0.0,0.019065273581458708,0.0,100000.0
354.6468505859375,357.83187760169454,352.5929614516535,353.6248719308996,13463900,,,0,0.0,-0.0034296193116560847,-0.0,100000.0
367.5853576660156,370.03612636295736,356.28403071762176,357.3655701410914,22117200,,,0,0.0,0.036482791426743155,0.0,100000.0
366.7916259765625,369.8773958319146,360.10408551905675,369.2324630283158,17205400,,,0,0.0,-0.002159312586586526,-0.0,100000.0
371.5740966796875,374.124093141166,366.6626570609986,367.277824706656,19310000,,,0,0.0,0.01303865836738205,0.0,100000.0
364.5987854003906,372.685319838908,364.3705956613117,370.74058974438293,15306900,,,0,0.0,-0.018772329238305074,-0.0,100000.0
365.5017395019531,365.670429146602,355.8177245328264,363.44784996748376,12724800,,,0,0.0,0.0024765691431771764,0.0,100000.0
373.2012634277344,373.91565834903196,368.06160483615173,368.59737831716046,16354300,,,0,0.0,0.021065628678738735,0.0,100000.0
380.46435546875,381.3672432896038,375.02701349065325,376.0489923907014,21670800,,,0,0.0,0.01946159553241178,0.0,100000.0
378.8073425292969,387.3106211461021,378.19217488438653,384.92931433872445,17680500,,,0,0.0,-0.004355238317691024,-0.0,100000.0
382.2007141113281,385.35594628431977,379.10498205560805,381.62521323149974,15506100,,,0,0.0,0.008958040674116097,0.0,100000.0
387.65789794921875,393.0654443520471,384.7903858717887,386.96333625933397,15698500,,,0,0.0,0.014278319313398846,0.0,100000.0
390.11846923828125,392.4104798397613,382.65703514358785,387.13192740359705,15091100,,,0,0.0,0.006347275012528852,0.0,100000.0
391.07110595703125,393.70046609647795,388.5409429594839,391.2794623469608,13163700,,,0,0.0,0.002441916478884032,0.0,100000.0
397.8974914550781,399.79262308602887,390.03917661129907,391.9144445908541,18742400,,,0,0.0,0.017455612020584654,0.0,100000.0
396.9449462890625,403.1958794774912,396.45877134417145,400.4474588731736,18614700,,,0,0.0,-0.002393946145607062,-0.0,100000.0
387.1022644042969,394.90104949050806,384.0859263016593,385.9711262608232,20180800,,,0,0.0,-0.024796088164825814,-0.0,100000.0
391.70611572265625,397.3815791884309,389.9895751539661,390.8726598643205,29727100,,,0,0.0,0.011893113891865648,0.0,100000.0
471.2915344238281,482.176118971358,449.48269858581074,456.0213826629202,84707600,,,0,0.0,0.20317634958122932,0.0,100000.0
455.8328857421875,468.2256247901911,455.6443627225016,466.22136407769085,40832400,,,0,0.0,-0.032800607591094155,-0.0,100000.0
451.17938232421875,463.4828252605775,449.4727736721461,460.3871235847148,21655200,,,0,0.0,-0.010208792659599175,-0.0,100000.0
465.9335632324219,467.84852814106995,452.62797572422755,454.4338116753669,23066000,,,0,0.0,0.032701363329587396,0.0,100000.0
466.34039306640625,466.9257954581502,461.40909025193133,464.6734814817839,18815100,,,0,0.0,0.0008731498781970881,0.0,100000.0
464.4651184082031,469.9024601255168,463.8301174160843,469.26745913339795,18413100,,,0,0.0,-0.004021257189136707,-0.0,100000.0
465.2489929199219,475.4191832366272,462.9470498932434,464.5445296788117,19382000,,,0,0.0,0.001687692962617282,0.0,100000.0
456.5373229980469,464.2468421541009,451.54648973334866,453.3126287541774,20916600,,,0,0.0,-0.018724747510360462,-0.0,100000.0
469.5948791503906,470.4184031638811,462.4608605223656,464.28653002066994,16858400,,,0,0.0,0.02860128952129415,0.0,100000.0
480.26116943359375,484.8154264310746,468.5431287071876,471.5793000388415,24212300,,,0,0.0,0.02271381302645592,0.0,100000.0
469.6345520019531,475.2306210030674,465.5565383292655,474.38723338064216,23324600,,,0,0.0,-0.022126747086743115,-0.0,100000.0
468.0767822265625,472.4722813616275,462.9271910394476,466.0625897590752,18015500,,,0,0.0,-0.003316982893933562,-0.0,100000.0
464.8784484863281,465.84191805812145,458.68047616341727,463.3587521836112,12921800,,,0,0.0,-0.0068329254124086525,-0.0,100000.0
482.8565979003906,486.69059163885595,472.8543980185372,477.0062442785985,21625800,,,0,0.0,0.03867279602356355,0.0,100000.0
480.7707214355469,491.0311497339842,479.1020412033738,484.76364134369345,18374300,,,0,0.0,-0.004319867376595399,-0.0,100000.0
478.4961242675781,482.86652048024735,477.3638163849019,480.2144859744723,12101400,,,0,0.0,-0.004731147440045769,-0.0,100000.0
483.7703857421875,483.9889055616532,476.68842180532044,476.74801536407614,10809600,,,0,0.0,0.011022579300266067,0.0,100000.0
480.76080322265625,487.7434649649456,479.4993657776015,481.73421522969807,12715500,,,0,0.0,-0.006221097049820545,-0.0,100000.0
486.8296813964844,488.389116970363,479.36029842457447,485.1510587006431,17732000,,,0,0.0,0.012623487882429174,0.0,100000.0
498.91766357421875,500.8545450353312,488.5380486516633,488.7962772842843,16273600,,,0,0.0,0.02483000244163347,0.0,100000.0
494.8354187011719,501.02347964142564,493.07734798440794,499.6130279349868,12324100,,,0,0.0,-0.008182201535623879,-0.0,100000.0
486.9190979003906,492.24299171468465,484.60480032570473,491.6669104902167,15325300,,,0,0.0,-0.01599788637110855,-0.0,100000.0
492.74951171875,499.583189220119,490.96164437082433,494.2791504217165,11757900,,,0,0.0,0.011974091473306858,0.0,100000.0
508.7410888671875,516.3494823533294,498.0038821618696,499.8910821445539,18586400,,,0,0.0,0.032453765591076156,0.0,100000.0
502.54315185546875,520.0445011354961,495.9875874923853,510.72765736734266,18597100,,,0,0.0,-0.012182890565257232,-0.0,100000.0
480.33367919921875,493.9712373423791,472.7947911045604,493.6633271933071,20428300,,,0,0.0,-0.044194160390504056,-0.0,100000.0
496.3848876953125,498.9276472763487,481.46603715056744,489.9385984033987,15448200,,,0,0.0,0.033416787519154,0.0,100000.0
492.2330322265625,497.6066070345607,487.72359432803495,492.05425155124124,12090700,431.5832568359375,,0,0.0,-0.008364185880087582,-0.0,100000.0
488.5181579589844,497.9740726695781,484.872887560761,496.891416024587,12620000,434.48174743652345,,0,0.0,-0.007546982880799913,-0.0,100000.0
480.84027099609375,488.5182008794358,478.05910688483056,485.71721266457956,29153600,437.26279602050784,,0,0.0,-0.015716686959945658,-0.0,100000.0
493.6335144042969,494.0705540169501,483.5319824334074,488.5976468076453,11755300,440.2471228027344,,0,0.0,0.026606014886608964,0.0,100000.0
492.89849853515625,493.28588697301825,478.039241983051,484.88286188860536,10903100,443.1209014892578,,0,0.0,-0.0014889910180179156,-0.0,100000.0
502.11602783203125,504.77800486477514,491.8357446734777,496.136574918537,11711100,446.04587524414063,,0,0.0,0.01870066418191274,0.0,100000.0
504.3409423828125,511.5718900411895,502.6027262330663,511.24415578806696,9712500,449.0397570800781,,0,0.0,0.004431076538997658,0.0,100000.0
506.1486511230469,506.536039547684,500.94394517125465,503.58603728836357,8120600,451.81102294921874,,0,0.0,0.003584299009502745,0.0,100000.0
499.6328430175781,503.80457393392254,496.871563696633,502.38421028695126,8380600,454.46784729003906,,0,0.0,-0.01287330923635066,-0.0,100000.0
492.55084228515625,506.56581529176225,491.87539816091817,501.7286132388113,11205400,456.88738220214844,,0,0.0,-0.014174409932000254,-0.0,100000.0
490.5345153808594,496.5239406969625,484.78352491807254,495.93788686349995,9989700,459.4060968017578,,0,0.0,-0.0040936421810635615,-0.0,100000.0
482.3102722167969,489.5710772928442,481.8831749511718,489.521395786928,15212800,461.74226745605466,,0,0.0,-0.016765880699907698,-0.0,100000.0
488.04144287109375,494.0804891364972,478.5358763202007,483.919393448101,9247000,464.03907104492185,,0,0.0,0.011882746407110956,0.0,100000.0
494.0208740234375,494.1798002750776,481.3865249828398,481.8335069600827,11081000,466.3102014160156,,0,0.0,0.012251892210561888,0.0,100000.0
503.32781982421875,503.8244530380208,495.3916307675297,495.5704114495978,12099200,468.80061096191406,,0,0.0,0.01883917520525591,0.0,100000.0
507.4797058105469,526.4312162585362,507.1419685443488,512.9426409502,26476300,471.30619079589843,,0,0.0,0.008248870463345659,0.0,100000.0
523.7891235351562,527.1264840478417,510.94613579364227,513.3796505682054,19263300,474.0288153076172,,0,0.0,0.03213806884860548,0.0,100000.0
515.7535400390625,527.9111101756489,515.3959787113195,525.716030393533,13260600,476.5415167236328,,0,0.0,-0.015341256881891696,-0.0,100000.0
513.4193725585938,522.3289421324931,503.32775304353936,518.7134382659121,10863800,478.98848205566406,,0,0.0,-0.004525742043945957,-0.0,100000.0
516.3297119140625,519.0413099030587,502.3941546225541,505.8606751200009,11418500,481.35712646484376,,0,0.0,0.0056685421529094615,0.0,100000.0
519.63720703125,520.3325056145172,513.8067382940332,517.6010230992423,10369500,483.8109716796875,,0,0.0,0.006405781114021902,0.0,100000.0
508.4530334472656,516.6872198942802,505.90033167824595,514.26364759941,11984500,486.23798706054686,,0,0.0,-0.02152304229306612,-0.0,100000.0
496.8616638183594,515.0384571853876,493.93151580388917,513.2405867962719,13512900,488.3410980224609,,0,0.0,-0.02279732613712182,-0.0,100000.0
496.39483642578125,501.3710805844467,493.7626561595775,494.75592258091154,9847900,488.8431640625,,0,0.0,-0.0009395520455142137,-0.0,100000.0
490.8424377441406,499.7718923893726,483.85977662669706,499.712298834283,12193700,489.54335510253907,,0,0.0,-0.011185448103408713,-0.0,100000.0
498.4210510253906,508.76098785932845,495.67965646364473,496.4544030177161,14808700,490.4881884765625,,0,0.0,0.015440012310427909,0.0,100000.0
477.8306579589844,499.41431669209027,472.52661920207805,499.41431669209027,25215400,490.72613037109375,,0,0.0,-0.0413112428217991,-0.0,100000.0
478.4862365722656,488.69701401127566,470.2123104372898,486.4224254546389,17271100,490.96904724121094,,0,0.0,0.0013719894325774362,0.0,100000.0
492.75946044921875,495.4015526749956,485.6774662629057,487.94211241184524,15079200,491.53493408203127,,0,0.0,0.02982995703116198,0.0,100000.0
490.17694091796875,506.56583559911667,481.31699178938914,504.63889646618475,37772700,492.0334930419922,,0,0.0,-0.005240933434125572,-0.0,100000.0
438.40789794921875,442.7683213792549,411.70889412672494,418.5624257469969,82890700,491.6709045410156,,0,0.0,-0.10561297084232601,-0.0,100000.0
440.3050537109375,443.4338366860677,429.05132886461274,438.48735929530994,32691400,491.0851080322266,,0,0.0,0.004327375876651107,0.0,100000.0
429.7069091796875,436.7988458925218,425.67424998253733,436.60018048581003,21502600,490.07402282714844,,0,0.0,-0.02407000428890771,-0.0,100000.0
427.2734375,436.65978716345234,426.826455477513,428.1474865043682,18429500,489.2268005371094,,0,0.0,-0.005663096468085715,-0.0,100000.0
436.232666015625,446.93013406880516,424.23399111108887,425.71397863682915,20344900,488.5899182128906,,0,0.0,0.02096837230988635,0.0,100000.0
438.7059020996094,440.9705483091824,429.3692038781096,435.8850291236209,15221300,488.06646728515625,,0,0.0,0.005669534348662797,0.0,100000.0
448.9167175292969,451.11185831252936,440.86134078784477,442.92732176443593,16489100,487.3876696777344,,0,0.0,0.023274853109610305,0.0,100000.0
462.5443115234375,463.02109033010055,450.28740721128406,452.512314351539,15094600,487.0231414794922,,0,0.0,0.03035661952876878,0.0,100000.0
465.0870056152344,468.3548602507181,458.2036773866879,463.15015450497714,13406800,486.7549591064453,,0,0.0,0.005497190276586128,0.0,100000.0
469.417724609375,472.377639194553,459.8823607432109,460.378993962156,11683900,486.46790588378906,,0,0.0,0.009311631892212846,0.0,100000.0
472.2187194824219,472.8742486238149,464.48116583313845,466.8352023225762,9437700,486.29706420898435,,0,0.0,0.005966955924763484,0.0,100000.0
472.99346923828125,474.2847034264408,466.437904971436,473.87746056720033,10750000,486.0203399658203,,0,0.0,0.0016406587115151972,0.0,100000.0
464.8586120605469,470.1626509363038,459.73335385977305,469.5666850409423,14668800,485.3391589355469,,0,0.0,-0.01719866701507511,-0.0,100000.0
468.6727294921875,469.35808569307136,456.9819652481851,460.24982000044906,10478600,484.8159051513672,,0,0.0,0.008204897860736748,0.0,100000.0
478.2974548339844,479.25098197914036,468.0270850959641,471.78163043660237,13100500,484.6434722900391,,0,0.0,0.020536132648949712,0.0,100000.0
470.04345703125,474.4734165714435,469.5666782594295,471.801527600696,16608200,484.18935119628907,,0,0.0,-0.017257038939501146,-0.0,100000.0
468.73236083984375,469.61635219313234,465.265870726958,467.6596161293241,10807300,483.38917663574216,,0,0.0,-0.002789308460300677,-0.0,100000.0
465.6830139160156,470.01367116907085,463.89514652631107,466.78555537893186,11745100,482.65197387695315,,0,0.0,-0.0065055182415066914,-0.0,100000.0
461.5013122558594,467.53044579456866,459.15718809446827,463.9745355703075,11742200,482.27532653808595,,0,0.0,-0.00897971696453248,-0.0,100000.0
464.630126953125,470.53013143312546,462.51446480062907,464.71951728620587,10078600,481.6402313232422,,0,0.0,0.006779644205065605,0.0,100000.0
462.6435852050781,471.165796891298,458.43214570916444,469.6957821377868,11747900,481.0484423828125,,0,0.0,-0.004275533661740605,-0.0,100000.0
474.9999084472656,476.6189376976696,463.16015838994645,464.4712774492772,12024300,480.7780773925781,,0,0.0,0.026708082933237343,0.0,100000.0
476.6884460449219,477.6220886169313,471.64263552507384,473.37090944104057,10175800,480.6950408935547,,0,0.0,0.003554816680230388,0.0,100000.0
471.165771484375,476.6188238980227,470.5102424233148,471.46376955148327,9226200,480.24568603515627,,0,0.0,-0.01158550119342816,-0.0,100000.0
463.905029296875,468.55353877845073,461.5807897121286,468.49394522336104,10719600,479.66581665039064,,0,0.0,-0.015410164801711979,-0.0,100000.0
463.6865234375,465.9611118987805,451.3998233629331,462.66346029491183,16919800,478.8972265625,,0,0.0,-0.000471014206735787,-0.0,100000.0
474.2747497558594,476.370557560807,465.08703582474993,467.68938886665507,11279400,478.29590270996096,,0,0.0,0.02283488042711368,0.0,100000.0
473.7781066894531,475.6653370045295,470.04344582485936,473.78804905282203,7088700,477.64849182128904,,0,0.0,-0.0010471632037377665,-0.0,100000.0
491.7264709472656,493.3057609159678,480.651556438236,481.18792879186043,15690500,477.4903643798828,,0,0.0,0.03788348174892997,0.0,100000.0
490.4352722167969,499.43426419883605,487.58460223802143,489.6605255664255,10667300,477.44805297851565,,0,0.0,-0.0026258475122996616,-0.0,100000.0
489.6405944824219,495.5505416682554,486.8694030600324,492.57074247783544,9380700,477.4301745605469,,0,0.0,-0.0016203519187822923,-0.0,100000.0
499.2156982421875,499.2752918011658,490.087577609636,490.53452930197295,11220900,477.7682830810547,,0,0.0,0.0195553715677661,0.0,100000.0
504.0528869628906,504.18201644117164,494.914824216535,496.792112209235,9673700,478.0885119628906,,0,0.0,0.009689576545240053,0.0,100000.0
505.4136657714844,510.5488663402382,501.0730965012288,510.5289816127229,11983200,478.31636779785157,,0,0.0,0.00269967466468235,0.0,100000.0
500.70556640625,505.930126725215,497.9839960314029,502.30471065857984,9954600,478.2639227294922,,0,0.0,-0.009315338472393186,-0.0,100000.0
501.2624206542969,504.2352263741651,497.872015470044,499.76108944033547,10243300,478.1395770263672,,0,0.0,0.0011121391200892283,0.0,100000.0
503.71820068359375,507.8145165497157,493.15924290347647,498.786716272725,11266600,477.73815856933595,,0,0.0,0.0048991903803428105,0.0,100000.0
496.61920166015625,503.0917955375381,492.1748915017007,501.6600694232584,13060400,477.3554718017578,,0,0.0,-0.014093195389413116,-0.0,100000.0
498.8164978027344,500.77517646661437,493.9148098546325,499.1147614196994,11801200,477.06341430664065,,0,0.0,0.004424509030727775,0.0,100000.0
491.936279296875,500.5564623228992,489.56003146184884,500.5564623228992,22359200,476.5755456542969,,0,0.0,-0.013793085305250474,-0.0,100000.0
496.04254150390625,504.88143086237153,491.4490995948573,496.33088323813683,13525300,476.10365234375,,0,0.0,0.008347142465077617,0.0,100000.0
507.6653747558594,507.77472797570107,492.65215468981233,494.193234056006,12063200,476.08789916992185,,0,0.0,0.02343112188868912,0.0,100000.0
510.17083740234375,510.856874053988,501.77934388389946,503.7380225205022,8882300,476.35408264160156,,0,0.0,0.00493526399685873,0.0,100000.0
516.5738525390625,519.8747782877508,510.9464098062174,511.294373925033,10121200,476.7576629638672,,0,0.0,0.012550727456946076,0.0,100000.0
501.3220520019531,518.8805567277017,500.9442311555743,514.1777613035174,15855100,476.9672552490234,,0,0.0,-0.02952491780631905,-0.0,100000.0
501.7793273925781,503.66840101004647,490.33550213854676,502.04779497746324,10328200,477.0344207763672,,0,0.0,0.0009121389908921529,0.0,100000.0
506.5716552734375,507.5659077862411,496.5794296566328,497.8818980210312,7739500,477.60924072265624,,0,0.0,0.009550668230518866,0.0,100000.0
507.029052734375,508.34147346230577,503.111695021788,503.45968950388533,6005600,478.18009704589844,,0,0.0,0.0009029274657907926,0.0,100000.0
536.806884765625,537.7613890905714,508.659626943001,508.659626943001,21354100,479.06104553222656,,0,0.0,0.05873003109123642,0.0,100000.0
526.2777709960938,539.6902282867122,523.6231336593002,539.2328502639116,14917500,479.7830621337891,,0,0.0,-0.019614341895276444,-0.0,100000.0
526.953857421875,534.3908471604564,525.1542627135257,530.6823045262751,8753200,481.55398132324217,,0,0.0,0.0012846570063211882,0.0,100000.0
531.616943359375,535.7828643236683,525.3233071938398,527.739333812602,10983300,483.3802191162109,,0,0.0,0.008849135217102733,0.0,100000.0
509.7532958984375,532.3824937070442,505.44816535369097,527.8387522591509,16458300,484.98114685058596,,0,0.0,-0.04112669419973247,-0.0,100000.0
496.00274658203125,505.1697559706881,491.3894306970728,494.8991408562319,19750500,486.35573303222657,,0,0.0,-0.02697491007325603,-0.0,100000.0
493.308349609375,503.76787552831104,490.5343764947893,495.76415462534726,12539200,487.49724670410154,,0,0.0,-0.005432221880268595,-0.0,100000.0
486.9749755859375,501.05359564218975,482.9979652991605,498.61766470466665,14075800,488.46262817382814,,0,0.0,-0.012838570497443524,-0.0,100000.0
459.334716796875,476.4159983287152,456.4812168894572,476.4159983287152,28076600,488.6709881591797,,0,0.0,-0.056759094768278784,-0.0,100000.0
473.1151123046875,476.4856128872466,461.8701176709462,472.26999151459347,19267200,488.88240417480466,,0,0.0,0.030000770688330958,0.0,100000.0
474.0496826171875,483.91265093835443,472.975872869739,473.3238673312673,15149400,489.06165771484376,,0,0.0,0.001975355020784386,0.0,100000.0
484.59869384765625,489.23191443908513,481.11880987205853,483.78339946267863,12023100,489.3652770996094,,0,0.0,0.022252965495575427,0.0,100000.0
485.8812561035156,492.3737237074945,484.91682996591794,487.0246404087884,9455500,489.63852783203123,,0,0.0,0.002646648189816636,0.0,100000.0
458.6188659667969,473.5624806822974,457.93282927520823,469.5954226900346,17649700,489.35103576660157,,0,0.0,-0.056109162051953265,-0.0,100000.0
450.8040771484375,460.88578278239254,440.10590941212183,460.5974713733936,18240500,489.0699450683594,,0,0.0,-0.017039832850934578,-0.0,100000.0
463.0234069824219,467.06999164626853,456.7795024206526,461.53202821439885,14222400,488.95695861816404,,0,0.0,0.027105632919910194,0.0,100000.0
463.0333557128906,471.23593941244997,462.3473190124621,467.1794022788637,11339600,488.6516766357422,,0,0.0,2.1486452560948166e-05,0.0,100000.0
460.52783203125,470.01300966806275,454.0751428177802,464.3159317450937,11390400,488.4613641357422,,0,0.0,-0.005411108402294418,-0.0,100000.0
472.1009216308594,473.7613367281888,464.06737443417023,468.3128218694942,24285800,488.5287353515625,,0,0.0,0.02513005467783347,0.0,100000.0
494.8792724609375,524.1401187856688,489.27170365366396,518.0055973214868,43083100,489.11266052246094,,0,0.0,0.04824890142427796,0.0,100000.0
485.3344421386719,498.2696468567978,473.4133337307261,486.1894847459628,24044700,489.5893231201172,,0,0.0,-0.01928718952968278,-0.0,100000.0
472.9957580566406,480.70121501811934,448.20901989340217,448.7558769798466,21396200,489.7566357421875,,0,0.0,-0.025423054724201477,-0.0,100000.0
491.2502136230469,499.6715335038331,475.8989526100752,476.24694705318433,20955000,490.3287683105469,,0,0.0,0.03859327542683855,0.0,100000.0
486.1099548339844,507.2179163887547,484.06176673048657,500.2382746300819,20105300,490.55096923828125,,0,0.0,-0.010463626572601914,-0.0,100000.0
506.700927734375,507.02901772261134,491.87661869501426,494.6406395475425,16156800,491.15121887207033,,0,0.0,0.04235867357915524,0.0,100000.0
514.794189453125,515.3609207187151,502.7935532579475,504.7919803564355,13696600,492.02378723144534,,0,0.0,0.01597246279958009,0.0,100000.0
512.984619140625,515.0427292166193,506.1739830538234,513.8893622667638,9767400,493.0053790283203,,0,0.0,-0.0035151335224322677,-0.0,100000.0
525.502197265625,528.4452065274616,515.1719598564413,517.0212549519154,13743800,494.2416925048828,,0,0.0,0.02440146869504578,0.0,100000.0
523.7325439453125,530.9309235361922,520.1234019137161,525.0250602739767,11444200,495.23084838867186,,0,0.0,-0.0033675469475116238,-0.0,100000.0
534.2417602539062,536.667738996692,523.6728503857054,528.7335620768248,13482100,496.44012145996095,,0,0.0,0.020065998246790562,0.0,100000.0
524.3886108398438,530.5927364260666,521.6444643649328,528.8429030867464,14776700,497.0933642578125,,0,0.0,-0.018443240770582348,-0.0,100000.0
526.238037109375,528.6043024311272,519.7554908387405,523.8418543972291,9879700,497.8094195556641,,0,0.0,0.0035268238693615395,0.0,100000.0
523.70263671875,528.0376240435813,522.8575463080886,525.3133210272216,7944400,498.49066040039065,,0,0.0,-0.004817972498818102,-0.0,100000.0
532.0841674804688,536.2998492635563,523.9014884202904,524.1202555369616,13423300,499.14802978515627,,0,0.0,0.016004369987963285,0.0,100000.0
528.8726806640625,541.1019732510056,525.5519115759549,533.9135476981955,15708300,499.64442565917966,,0,0.0,-0.006035674452809503,-0.0,100000.0
524.9653930664062,536.7671670292674,522.0422878821846,533.8341096091634,11323900,500.03546020507815,,0,0.0,-0.007387955060847884,-0.0,100000.0
518.125,524.965463930204,511.99047738471285,524.5677385474166,9584000,500.38384887695315,,0,0.0,-0.013030179049423496,-0.0,100000.0
516.116455078125,520.9982688988101,512.3482599012927,515.9971496313474,6282700,500.68092956542966,,0,0.0,-0.0038765643848009956,-0.0,100000.0
513.8098754882812,518.0951016645886,509.5047448414531,514.6947141610383,9106100,500.88276306152346,,0,0.0,-0.004469106859796956,-0.0,100000.0
515.2415161132812,524.169945083232,512.7161365376401,516.0667627034325,8317400,501.2552093505859,,0,0.0,0.0027863236837157856,0.0,100000.0
518.3138427734375,520.5310067478107,512.2389736903795,518.3535910327766,9157500,501.64515625,,0,0.0,0.005962886460183503,0.0,100000.0
508.8186950683594,522.4697631708141,505.69672749483755,516.6534100228187,12459100,501.98280456542966,,0,0.0,-0.018319301784939235,-0.0,100000.0
509.79302978515625,513.6209384157157,501.17287738796614,503.161382437288,8335200,502.2578143310547,,0,0.0,0.0019148956715633325,0.0,100000.0
513.8893432617188,518.6319472042396,508.2121698645864,508.7789010834829,8640900,502.3822937011719,,0,0.0,0.00803524810507672,0.0,100000.0
497.3947448730469,521.5650538628864,495.3863655135682,518.880559665027,14744500,502.12677185058595,,0,0.0,-0.032097568484255046,-0.0,100000.0
501.8887634277344,508.39115339074016,499.19431711601146,503.2508845942156,11047800,501.83307006835935,,0,0.0,0.009035114666992694,0.0,100000.0
501.8887634277344,511.22477928436297,497.15611148388973,505.23938973469745,9899000,501.844404296875,,0,0.0,0.0,0.0,100000.0
508.88824462890625,510.17083885199577,492.7515459442201,504.0959706304443,10782500,501.98658264160156,,0,0.0,0.01394627995527875,0.0,100000.0
522.5790405273438,523.6827068185487,512.2586956942181,514.0781945895388,11970500,502.3067303466797,,0,0.0,0.02690334477743961,0.0,100000.0
521.6047973632812,524.5478069237411,514.1379505818885,517.3494277649944,10321400,502.59824523925784,,0,0.0,-0.0018642981989468455,-0.0,100000.0
530.7207641601562,531.5367754435251,514.91696903701,522.0226572862116,9527600,502.4765228271484,,0,0.0,0.01747676946791188,0.0,100000.0
533.7462768554688,539.4985077957741,528.0238703630636,535.0201027147613,11690800,502.62589294433593,,0,0.0,0.005700761868814963,0.0,100000.0
535.3684692382812,541.5884764077421,531.3379167409221,534.4926873694405,10323500,502.79418518066404,,0,0.0,0.0030392575145807843,0.0,100000.0
556.4168090820312,559.3725873951227,543.8972252651912,547.3605050230921,15647000,503.29018249511716,,0,0.0,0.03931561355060276,0.0,100000.0
558.6561279296875,561.791035774312,553.6303743905208,557.3126307061377,22066800,504.2682391357422,,0,0.0,0.00402453486506027,0.0,100000.0
561.7013549804688,571.2254355902388,559.7109530325689,566.7669546644623,12830700,505.58221130371095,,0,0.0,0.005450986570337157,0.0,100000.0
560.626708984375,565.0254812803894,551.5305554385482,563.960608707355,12993000,506.92857849121094,,0,0.0,-0.0019131981551497867,-0.0,100000.0
565.5827026367188,574.1115828691105,561.0147031201811,561.3431364723867,16543400,508.50073303222655,,0,0.0,0.00884009550904552,0.0,100000.0
565.114990234375,574.6291098304922,559.6512854533856,572.967080344701,14400800,510.61633850097655,,0,0.0,-0.0008269566946854656,-0.0,100000.0
564.63720703125,568.1005477071013,561.8009085673148,567.3640479667661,9398400,512.4467803955079,,0,0.0,-0.0008454619172760802,-0.0,100000.0
569.6929321289062,571.9221729211617,562.0895809864053,564.975688534177,12792300,514.3596453857422,,0,0.0,0.008953935438010374,0.0,100000.0
573.7034912109375,580.2419690688359,567.3640657014531,575.206254439428,15259300,516.1417413330078,,0,0.0,0.007039861047677176,0.0,100000.0
570.0611572265625,573.2358512630743,566.6078384594379,572.1013073959746,6524700,517.8253393554687,,0,0.0,-0.0063488091674097635,-0.0,100000.0
579.9733276367188,580.5604622327534,566.0006662054095,567.4138954120452,11581000,520.2524285888671,,0,0.0,0.017387907042080375,0.0,100000.0
593.0801391601562,593.9857454241755,578.6397616460487,580.9287120013399,14169500,523.0979498291016,,0,0.0,0.022598990158470444,0.0,100000.0
581.9737548828125,600.0565426843976,581.2372550118221,595.3491999625717,12014200,525.4769567871094,,0,0.0,-0.018726616428382137,-0.0,100000.0
590.0447998046875,590.7115675395601,583.1579643993507,586.8601441089934,7857400,528.0171856689453,,0,0.0,0.01386840017124169,0.0,100000.0
587.6762084960938,591.5375936051837,578.8188944511467,591.1394888701676,9529700,530.5601531982422,,0,0.0,-0.004014256729959809,-0.0,100000.0
581.0282592773438,587.397509697218,579.7245483018079,584.7503015704497,7740400,532.7386999511718,,0,0.0,-0.011312265364225915,-0.0,100000.0
587.1189575195312,588.3729207448063,579.9137105818194,582.023532257207,8587100,534.5834936523438,,0,0.0,0.010482619640157953,0.0,100000.0
587.5866088867188,597.2201481215791,587.1288552616571,591.3683608695632,8252000,536.6285369873046,,0,0.0,0.0007965189357250768,0.0,100000.0
583.45654296875,587.7756815393129,577.3559556315927,587.3278289153324,9564200,538.8377526855469,,0,0.0,-0.007028863244167294,-0.0,100000.0
574.02197265625,579.2866249105597,571.275268873164,578.6098955081545,11268400,540.493187866211,485.863413848877,1,0.0,-0.016170133707807843,-0.0,100000.0
574.1613159179688,582.162710233978,572.4396375946716,580.5306267288739,8701200,542.2542150878907,487.01625228881835,1,1.0,0.00024274900327236892,0.00024274900327236892,100024.27490032723
573.7034912109375,581.1674987096003,572.4893751474343,578.3112766994918,7694300,543.5942663574219,488.1758305358887,1,1.0,-0.0007973799250116098,-0.0007973799250116098,99944.51755150787
572.3998413085938,574.4698766165733,566.37888676671,573.2657221535495,8171900,544.7463793945312,489.3157438659668,1,1.0,-0.002272340890922764,-0.002272340890922764,99717.40953745203
579.2169189453125,580.7296438381057,569.3743668983145,571.5339359680816,8544500,546.071025390625,490.4657806396484,1,1.0,0.011909642778960006,0.011909642778960006,100905.00826388632
560.9849243164062,582.1926578504655,559.8006325485245,577.1867670377931,14248400,546.7806799316406,491.491368560791,1,1.0,-0.03147697180894615,-0.03147697180894615,97728.8241633825
565.0552368164062,566.1499335882773,558.8252690153747,564.4083318879617,7184700,547.6071337890625,492.54341049194335,1,1.0,0.007255653982074284,0.007255653982074284,98437.91069558698
570.4990844726562,578.500480205373,568.9763974895188,571.1758139955194,11337900,548.3322802734375,493.55797912597654,1,1.0,0.009634186715835602,0.009634186715835602,99386.27990714501
575.3853759765625,580.9485762210542,571.3647858558778,579.2069744936249,10925100,549.3522155761718,494.60094787597654,1,1.0,0.0085649418849163,0.0085649418849163,100237.51761870774
590.4329223632812,590.8210046180449,572.6387223000493,577.3659274017436,13019100,550.63611328125,495.6952420043945,1,1.0,0.026152118241065114,0.026152118241065114,102858.94103166302
588.9599609375,598.3148749725009,586.5515914382872,598.0958991586175,26864900,551.941259765625,496.8170478820801,1,1.0,-0.0024947142511727582,-0.0024947142511727582,102602.3373656108
564.8562622070312,587.0691582392678,560.3081858518195,582.1926485103984,26838400,552.5967016601562,497.81382049560546,1,1.0,-0.04092586988782865,-0.04092586988782865,98403.2474563987
564.438232421875,570.917001339198,559.8603316322354,564.8860850679225,15303200,553.3080126953125,498.7700053405762,1,1.0,-0.0007400640005704728,-0.0007400640005704728,98330.422755417
557.9892578125,565.9608270901227,555.2126690468457,561.3928280320513,12064600,553.9684899902344,499.6576298522949,1,1.0,-0.01142547446104758,-0.01142547446104758,97206.95102148097
569.6829223632812,570.7278713037589,563.950554670974,564.5775361837109,9775400,554.9996484375,500.61200775146483,1,1.0,0.020956791527894758,0.020956791527894758,99244.09682910042
569.3047485351562,570.2502016811582,552.5057499508582,560.0493909181008,18305400,556.0634143066407,501.54752792358397,1,1.0,-0.0006638321306108308,-0.0006638321306108308,99178.21540885181
588.8604736328125,591.9455725919563,572.4496180315167,574.1215485070126,14653700,557.5644262695313,502.553540802002,1,1.0,0.03435018792303057,0.03435018792303057,102585.00574601667
586.5118408203125,590.2537459189086,581.7149642470737,588.70123463837,9415700,558.9898327636719,503.5355076599121,1,1.0,-0.003988436849922672,-0.003988436849922672,102175.85192884972
580.371337890625,584.1829746478602,573.743326097359,583.5460314431883,10209100,560.2309826660156,504.4820088195801,1,1.0,-0.010469529346754936,-0.010469529346754936,101106.11884855093
582.013427734375,596.7821758387003,577.5947330801081,585.7155461176076,16287700,561.6948773193359,505.40258850097655,1,1.0,0.0028293779112493755,0.0028293779112493755,101392.18626791317
577.216552734375,582.8295006873793,572.4097151236031,579.8140126435408,10757600,563.0433477783204,506.30394653320315,1,1.0,-0.008241863110741265,-0.008241863110741265,100556.52574819425
574.3902587890625,577.9730193106801,570.2602105353902,574.2310533344881,11053700,564.2533660888672,507.24038650512693,1,1.0,-0.004896418739074315,-0.004896418739074315,100064.15889118459
551.4210205078125,569.8222783942981,548.8533847643662,568.47872051752,17712900,565.3338916015625,508.03896102905276,1,1.0,-0.039988906374690436,-0.039988906374690436,96062.70260982285
551.7394409179688,557.2130462415905,547.4501271758751,554.3667253091998,14327300,566.3309051513672,508.44120056152343,1,1.0,0.0005774542469618726,0.0005774542469618726,96118.17442541954
558.3973388671875,558.7356731812587,547.957629670582,549.2115926112795,9522400,567.4610766601562,508.95402282714844,1,1.0,0.012067105331715178,0.012067105331715178,97278.04256050324
562.80615234375,563.6321255323566,551.5404684658788,560.2285547368579,9797300,568.5394348144531,509.5121566772461,1,1.0,0.007895477234018733,0.007895477234018733,98046.0991309096
560.3878173828125,567.2646302971915,546.4151549825543,566.7869532039366,11154700,569.2956103515625,509.98442794799803,1,1.0,-0.004296923462663971,-0.004296923462663971,97624.80254713132
556.456787109375,561.1242829453168,551.9286340129557,560.8455974662718,9164000,569.9926501464844,510.43500991821287,1,1.0,-0.007014838923152578,-0.007014838923152578,96939.98028235862
562.3980102539062,569.8421548761189,553.7198868796414,559.402445590544,13599800,570.6261950683594,510.9246743774414,1,1.0,0.010676881443739905,0.010676881443739905,97974.99695899185
570.78759765625,574.7286157457173,562.4876547795837,563.2838034841143,10356600,571.367021484375,511.45236740112307,1,1.0,0.014917526821540683,0.014917526821540683,99436.54160396797
566.4684448242188,572.2206752566353,561.3928830685265,572.131141178584,7200200,571.9890209960937,512.0020230102539,1,1.0,-0.0075670053970451345,-0.0075670053970451345,98684.10475698725
571.5639038085938,575.6840509462676,564.179528644509,566.2694266604135,7130500,572.291962890625,512.5118681335449,1,1.0,0.008995132969774167,0.008995132969774167,99571.78140127947
589.9850463867188,591.6470151067747,572.8078668096863,574.7285975175146,12522400,572.9185412597657,513.0604875183105,1,1.0,0.03222936657716913,0.03222936657716913,102780.91684480305
610.7051391601562,611.252487580719,588.4126116889108,592.1446155685445,14907200,573.8986169433593,513.7658404541015,1,1.0,0.03511969142325699,0.03511969142325699,106390.55092859197
610.83447265625,614.8152764849832,602.1960748947224,610.0184005822902,14697000,574.9027722167968,514.47962890625,1,1.0,0.00021177731739996375,0.00021177731739996375,106413.08203406434
606.0078125,616.9252004045749,604.1368295295009,614.1187259488262,8081200,575.7112744140625,515.1852757263183,1,1.0,-0.007901748136874054,-0.007901748136874054,105572.23266136264
620.776611328125,626.7676806622193,605.609756240286,607.1721685184903,16935500,576.8245068359375,515.874875793457,1,1.0,0.024370640977710245,0.024370640977710245,108145.09564076799
610.6255493164062,623.3939965020669,603.2610368421125,620.9258564568023,11426000,577.7442736816406,516.5241499328613,1,1.0,-0.01635219791866993,-0.01635219791866993,106376.68563291666
616.3479614257812,622.5878918502519,609.7995210855536,614.5963977457716,10938900,578.6773742675781,517.2134091186523,1,1.0,0.009371393181600851,0.009371393181600851,107373.58337933829
629.6437377929688,635.3363188855899,618.5472835041938,620.3784192599069,10837200,579.7961791992187,517.9427758789062,1,1.0,0.021571867190784078,0.021571867190784078,109689.83205979594
627.762939453125,633.6047656039859,624.200162912141,628.4695541682555,7474700,580.95021484375,518.6777865600586,1,1.0,-0.0029870833726327595,-0.0029870833726327595,109362.17938630324
617.3729858398438,628.051535081657,613.9296288656519,624.2100126233092,8453300,581.6982080078125,519.3305030822754,1,1.0,-0.01655075978574405,-0.01655075978574405,107552.15222563507
621.7454223632812,628.6278428855253,616.1080674222911,627.4624746323816,10885600,582.271513671875,519.9446418762207,1,1.0,0.007082325634137465,0.007082325634137465,108313.87159034936
616.964599609375,629.842921517428,614.0761642573996,623.6676857660912,12897800,582.9713305664062,520.5552877807618,1,1.0,-0.007689357383177997,-0.007689357383177997,107481.0075221355
594.8035278320312,624.8529462687603,593.9370093659079,618.5183765194273,17075500,583.0665051269531,521.0947099304199,1,1.0,-0.03591951919344294,-0.03591951919344294,103620.34140951357
593.1900634765625,609.0763382002494,592.6223339457312,607.9508489044135,14958100,583.1767822265625,521.596912689209,1,1.0,-0.002712600514239716,-0.002712600514239716,103339.26081812044
582.9112548828125,600.699869104885,577.6822346553289,588.2199724400746,48989400,583.2144421386719,521.9677635192871,1,1.0,-0.017328018836843095,-0.017328018836843095,101548.59616007861
597.452880859375,598.6879766892466,583.907252912156,587.2438414694396,10205800,583.4211206054688,522.4423121643066,1,1.0,0.02494655207761598,0.02494655207761598,104081.88350259479
605.3212890625,605.5603202398497,596.8851663404314,600.3113609374378,4726100,583.7758142089843,523.0672502136231,1,1.0,0.013169922608469387,0.013169922608469387,105452.63385326769
600.9389038085938,603.8771273499036,596.5465535400348,603.0603968908488,6081400,584.1254614257813,523.5900202941895,1,1.0,-0.007239767265898589,-0.007239767265898589,104689.18132659401
597.4130249023438,599.4448507288726,587.4430173370732,597.0145990738104,8084200,584.5932824707031,524.1159202575684,1,1.0,-0.005867283485731956,-0.005867283485731956,104074.9402218617
588.8772583007812,594.5544919388965,583.239903719799,586.3972186440706,7025900,584.8876013183594,524.6177157592773,1,1.0,-0.014287881659355905,-0.014287881659355905,102587.92979226721
583.1702270507812,591.5963807603267,581.5168266078615,589.9032228392957,6019500,585.0769360351562,525.1293655395508,1,1.0,-0.009691376546731911,-0.009691376546731911,101593.71153550065
596.8453979492188,602.4927233305804,585.4710498488531,587.3634208812482,12682300,585.5658471679687,525.6454249572754,1,1.0,0.023449706902212375,0.023449706902212375,103976.05429411605
602.2138061523438,607.0643399858958,594.0266229827574,602.3432915147383,11436800,586.0257849121094,526.1920014953613,1,1.0,0.008994637843520392,0.008994637843520392,104911.28124688985
627.681640625,628.4684617844035,603.1998488847688,609.385054699766,14560800,587.3597192382813,526.8198295593262,1,1.0,0.04229035304815576,0.04229035304815576,109348.01636955517
615.4207763671875,629.5739508561447,605.7993460257709,629.1755858278557,12071500,588.3670300292969,527.3752287292481,1,1.0,-0.019533571581931253,-0.019533571581931253,107212.05906445827
608.2794189453125,613.976592361968,600.3811160103171,610.9487626580363,10085800,589.12263671875,527.8858825683594,1,1.0,-0.011604023939572272,-0.011604023939572272,105967.96776446346
613.3988037109375,627.3926430727213,594.952857137878,607.592146102567,19256600,589.8829052734375,528.4547123718262,1,1.0,0.008416172907019348,0.008416172907019348,106859.81250377465
605.8990478515625,606.5364441234269,596.0585248079975,604.6739217603003,10785000,590.1922277832032,529.0214533996582,1,1.0,-0.012226557688086448,-0.012226557688086448,105553.28484165916
591.875244140625,603.0703168610439,586.1980104567526,602.6520122964943,13598000,590.2505334472656,529.528157043457,1,1.0,-0.023145446028779992,-0.023145446028779992,103110.20698419609
614.6539306640625,619.9726183140101,604.0763739586232,607.7715703651344,15524300,591.2464868164062,530.1898753356934,1,1.0,0.03848562133479838,0.03848562133479838,107078.46736594253
608.8571166992188,613.7873477153851,607.2735046849263,609.0563296194044,8355300,592.1348645019531,530.7939537048339,1,1.0,-0.009431020734840145,-0.009431020734840145,106068.60811995942
610.3213500976562,622.4725494595965,601.2576778233948,621.5562428618572,17280600,593.1815063476563,531.3754560852051,1,1.0,0.0024048883691718537,0.0024048883691718537,106323.69128196135
613.99658203125,619.0164197693068,606.5763408669152,615.3611025019545,11674000,594.0677795410156,531.9287998962402,1,1.0,0.006021798079004936,0.006021798079004936,106963.95108187577
621.0084228515625,631.1676746458771,616.9546797410454,620.8092099161343,12274000,595.1018530273437,532.4964434814453,1,1.0,0.011419999761424826,0.011419999761424826,108185.47937771186
633.9066162109375,634.0559803027825,618.6677705767347,624.8529151272735,9910200,596.0027758789063,533.0470309448242,1,1.0,0.02076975590789698,0.02076975590789698,110432.46537716576
644.9025268554688,649.3945139716581,631.6656574969397,633.8568781379164,19065300,597.1705895996093,533.6927758789062,1,1.0,0.017346262625017816,0.017346262625017816,112348.05592392627
657.2430419921875,661.2170877274049,622.601998034938,624.1059736130031,28399200,598.7080236816406,534.4118942260742,1,1.0,0.01913547338214161,0.01913547338214161,114497.88915759392
671.6353149414062,679.8523469699959,656.8346510497705,663.3385855806857,20950100,600.5004614257813,535.1884222412109,1,1.0,0.021897946466795437,0.021897946466795437,117005.15780492798
673.78662109375,678.3283961259809,663.0098523603809,672.3025851139503,21377800,602.4318627929688,535.9591693115234,1,1.0,0.0032030867116203954,0.0032030867116203954,117379.93547108398
684.254638671875,707.9495481611209,673.3981724899843,694.0354036840853,29322900,604.629150390625,536.8381773376465,1,1.0,0.015536101861346463,0.015536101861346463,119203.56210504101
686.4259643554688,702.4815424501834,682.8403746118678,688.2386987585822,19303900,607.3292492675781,537.785998840332,1,1.0,0.0031732714122454375,0.0031732714122454375,119581.82736090677
694.6727294921875,701.1865714959546,672.5514664810274,673.2088021436599,21415700,610.1879150390625,538.7773883056641,1,1.0,0.012014063518797968,0.012014063518797968,121018.49103051463
701.3759155273438,704.8818683424153,688.846170752285,699.6926666804768,13826300,613.0474865722656,539.8300556945801,1,1.0,0.009649415833634878,0.009649415833634878,122186.24877402709
702.05322265625,715.270213081664,696.2166547369433,700.7384902909668,17778200,615.8324279785156,540.8482165527344,1,1.0,0.0009656834714619755,0.0009656834714619755,122304.2420149081
709.1447143554688,716.0271344480996,700.6886520762018,703.0591459116995,13080700,618.8075659179688,542.0047868347168,1,1.0,0.010101074206863903,0.010101074206863903,123539.64623931493
711.6646118164062,722.1126813232647,708.9056620031818,713.9354687323457,16427100,621.9117224121094,543.1706787109375,1,1.0,0.003553431915836569,0.003553431915836569,123978.63596113288
714.5331420898438,718.317944327383,708.4873917995161,715.688479736199,12904300,624.9544250488282,544.2795471191406,1,1.0,0.004030733333945102,0.004030733333945102,124478.36078179846
716.9235229492188,720.7680830266086,707.2025161364162,710.4694377796111,12998000,627.8771435546874,545.4132800292969,1,1.0,0.0033453743690372573,0.0033453743690372573,124894.78749945766
722.4812622070312,724.1943596127884,709.7523040950127,712.4415265910553,12016500,630.9973999023438,546.833646850586,1,1.0,0.007752206588158117,0.007752206588158117,125862.99769393756
725.6486206054688,726.086864766196,715.170639811608,718.6367748250889,12569100,634.0790942382813,548.2603646850586,1,1.0,0.004384000754236617,0.004384000754236617,126414.78117075826
733.72607421875,737.9491204423847,722.7202448085826,723.2381862179419,16901200,636.9539147949218,549.7804605102539,1,1.0,0.011131356670314618,0.011131356670314618,127821.94918836975
713.5072631835938,734.0548271850589,703.6169523863489,733.058823348987,21938700,639.0099572753907,551.2116296386719,1,1.0,-0.02755634799633455,-0.02755634799633455,124299.64307496524
700.9575805664062,704.1746532347755,692.6110642545813,701.2862180351365,17535500,640.8124194335937,552.5352542114258,1,1.0,-0.017588724410725898,-0.017588724410725898,122113.37090856809
692.063232421875,702.8100903787465,690.8680158326665,694.493483863144,12587400,642.5335278320313,553.8020408630371,1,1.0,-0.01268885363554273,-0.01268885363554273,120563.89221816653
680.8184204101562,701.0572259638877,679.6331733954379,693.79637977263,15660400,643.7343640136719,554.9615493774414,1,1.0,-0.01624824363572608,-0.01624824363572608,118604.94072373433
665.4600830078125,684.5236120270697,659.8027882150541,683.5375779038759,15677000,644.8310546875,555.9761282348633,1,1.0,-0.022558639634179034,-0.022558639634179034,115929.37460711443
654.8724975585938,665.3305374435599,639.2949835590877,663.3086205526677,20579700,645.6015454101563,556.9250556945801,1,1.0,-0.015910173607053824,-0.015910173607053824,114084.91813095807
671.0078735351562,680.2806678816253,655.3705993558015,657.0140301904456,14488700,646.428828125,557.933006439209,1,1.0,0.024638958021166335,0.024638958021166335,116895.85163963494
655.6095581054688,685.8980689317682,654.9422525540249,679.7228329637242,12500000,646.9857604980468,558.8499606323243,1,1.0,-0.022948039862129455,-0.022948039862129455,114213.32097649101
665.5298461914062,666.9541245334915,640.0321088018833,655.4104120977537,17534200,647.9488977050781,559.8126425170899,1,1.0,0.015131396367381145,0.015131396367381145,115941.52800662123
652.4323120117188,678.5276251290609,648.2391746953033,670.9878686638693,10843800,648.5626354980469,560.7505110168457,1,1.0,-0.019679859971179492,-0.019679859971179492,113659.81497060633
637.4424438476562,647.1534810781478,621.1578057314852,642.9304346142569,21495200,648.9721923828125,561.5943595886231,1,1.0,-0.02297536141004808,-0.02297536141004808,111048.43964385746
653.8466186523438,656.8645394995948,635.1117886533837,638.4384682626843,13770000,650.1530541992188,562.4721054077148,1,1.0,0.025734362314612236,0.025734362314612236,113906.20042412485
625.420654296875,647.9602249904791,621.6159125135576,645.4104577126469,13446500,650.797666015625,563.248991394043,1,1.0,-0.04347497340287243,-0.04347497340287243,108954.13139026375
623.15966796875,632.2531869016165,598.2097866502569,622.8708487714317,21375700,651.6026342773438,564.0211279296875,1,1.0,-0.003615144962979988,-0.003615144962979988,108560.24641097237
595.6002807617188,607.6718415110856,584.5247237757733,605.6400157185544,21999900,651.5655822753906,564.670714263916,1,1.0,-0.04422524213876644,-0.04422524213876644,103759.14322680297
603.2894897460938,612.4726156961103,590.9589577128245,592.6720550865267,17401500,651.5249462890625,565.3796551513672,1,1.0,0.012910015714803214,0.012910015714803214,105098.6753964155
617.0841674804688,630.7991604950519,606.9149458816227,627.3828744482781,15747000,651.8478515625,566.1419253540039,1,1.0,0.022865768372959394,0.022865768372959394,107501.83736433479
588.2797241210938,618.0203842680918,584.1662233882897,617.771383307468,16480300,651.665185546875,566.770106048584,1,1.0,-0.046678305614260784,-0.046678305614260784,102483.8337457478
605.7102661132812,606.9663570960139,592.9301914090029,600.9252068633762,12364500,652.001845703125,567.4236578369141,1,1.0,0.02962968342692629,0.02962968342692629,105520.39729601206
603.0187377929688,611.1931864721827,596.1401729971761,605.5707735579393,15473900,652.3988159179687,568.0553092956543,1,1.0,-0.004443590394436425,-0.004443590394436425,105051.50787217039
580.5487670898438,598.3831413748485,572.8727029614505,598.1837512328132,20297700,652.0728833007812,568.6022242736816,1,1.0,-0.03726247510212444,-0.03726247510212444,101137.028675643
582.2435913085938,590.4779127315381,572.9825047893515,582.4629387558325,20537500,651.6734790039062,569.1939170837402,1,1.0,0.00291934857987175,0.00291934857987175,101432.2829166797
584.177490234375,608.3022383482739,577.7076844207866,580.9475766447827,24336500,650.8033959960937,569.7963719177246,1,1.0,0.003321460218110417,0.003321460218110417,101769.18620921958
594.3955688476562,595.6815348407195,579.1431664198761,581.6054551261589,25015900,650.3828918457032,570.3969760131836,1,1.0,0.01749139394121757,0.01749139394121757,103549.27113628216
616.92529296875,620.6038191496141,610.2960116120224,613.0573552722462,15741300,650.5558093261719,571.11271194458,1,1.0,0.03790358694088458,0.03790358694088458,107474.15993746146
624.3621826171875,631.9086473292332,619.2481319746062,624.81079529283,15312500,650.7750769042968,571.7758905029297,1,1.0,0.0120547653552181,0.0120547653552181,108769.73571725674
609.0797729492188,624.8007461767364,604.7233689444203,622.9465455616044,12609800,650.83869140625,572.3691130065918,1,1.0,-0.024476834269347103,-0.024476834269347103,106107.39692258477
600.7059326171875,612.3396207064936,598.2336042918504,600.1277194388429,10436500,651.0153051757812,572.9244396972656,1,1.0,-0.013748347431543073,-0.013748347431543073,104648.59556463643
574.9462280273438,599.8784522898396,572.1349914189543,598.4429285077966,17602800,650.2211511230469,573.3030923461914,1,1.0,-0.04288238752298068,-0.04288238752298068,100161.01393589802
574.5675048828125,576.9002542510486,551.5792239532071,561.7475141060938,21124700,649.5353588867188,573.655665435791,1,1.0,-0.0006587105472987131,-0.0006587105472987131,100095.03681959031
584.177490234375,588.0753030303752,568.2272515931634,569.0646658937729,12836600,649.0124816894531,574.0494845581055,1,1.0,0.01672559841949739,0.01672559841949739,101769.18620921958
582.1139526367188,590.8167826006645,571.5768183567942,573.1219856405797,13470800,648.3748291015625,574.4565264892578,1,1.0,-0.0035323812234332452,-0.0035323812234332452,101409.69864673004
529.9666137695312,550.8414911032017,528.6507117752637,544.5211822460076,34777500,646.5539929199218,574.600047454834,1,1.0,-0.089582698767111,-0.089582698767111,92325.14416079652
503.1602478027344,516.3889657610956,492.66299842221946,505.04435388504976,38589800,643.9390655517578,574.5972576904297,1,1.0,-0.05058123525202718,-0.05058123525202718,87655.22432432196
514.6444091796875,537.6924987241373,480.40123514295635,483.591294981514,36606100,641.3339031982422,574.6873837280274,1,1.0,0.022824063361729596,0.022824063361729596,89655.8727182869
508.86248779296875,545.7274587202911,501.29606629091035,541.5604660254379,28034200,638.3662921142578,574.7376136779785,1,1.0,-0.011234789076859486,-0.011234789076859486,88648.60789879519
583.9482421875,586.06164400195,500.54839536763654,507.68613102008703,39216600,636.6125506591796,575.1976734924316,1,1.0,0.14755608085829275,0.14755608085829275,101729.2490538849
544.5910034179688,579.4921312343394,533.6351923102783,573.7002029040485,28173500,634.0286383056641,575.440415802002,1,1.0,-0.06739850542592096,-0.06739850542592096,94872.84970955177
541.8795166015625,545.6976224228102,526.9461235413648,533.8445854574395,17642300,631.1811358642578,575.6114865112305,1,1.0,-0.004978941626630595,-0.004978941626630595,94400.48332889582
529.8270263671875,556.0353008675298,526.6370273527008,554.4402405149555,14130900,628.0491571044922,575.7097674560547,1,1.0,-0.02224201112078028,-0.02224201112078028,92300.82672888748
519.8980712890625,536.2669873917704,515.8905541802854,530.4551018896253,15558700,624.5536639404297,575.7263885498047,1,1.0,-0.018739993590368265,-0.018739993590368265,90571.10982760244
500.747802734375,511.7734034642656,494.08858497853294,506.92853277097964,18735100,620.5411016845703,575.7235173034668,1,1.0,-0.036834659738600894,-0.036834659738600894,87234.95381495525
499.9203796386719,505.72225598652767,496.4611703190648,503.67864377215466,14593500,616.4984448242187,575.7142225646973,1,1.0,-0.0016523748904836433,-0.0016523748904836433,87090.80896769892
483.1526794433594,491.9651828161341,478.3077785405203,489.8019182716785,16166000,611.9786041259765,575.5971276855469,0,1.0,-0.03354074144253072,-0.03354074144253072,84169.71866209249
498.72412109375,505.3036010873951,484.847399099468,490.34027265884373,17399400,607.7197943115234,575.5556030273438,1,0.0,0.03222882188779441,0.0,84169.71866209249
518.6519775390625,533.6751170758674,514.9136400551463,526.8862986388891,18173900,603.8021710205078,575.4648284912109,1,1.0,0.0399576752004871,0.0399576752004871,87532.94494210876
531.4918823242188,532.2395497601927,515.8905308220942,517.1166859465856,13910000,600.0935382080078,575.4908990478516,1,1.0,0.02475630160725495,0.02475630160725495,89699.93692766686
545.5679931640625,548.1499041120835,534.5822462279478,545.09942323875,17098900,596.5552728271484,575.5839697265625,1,1.0,0.026484150196779632,0.026484150196779632,92075.56352990086
548.0302734375,556.7530605327843,538.9087668679174,553.9119485027396,15179000,593.002905883789,575.6660363769531,1,1.0,0.004513241803569379,0.004513241803569379,92491.12281231121
552.7156372070312,554.8390175563454,542.4277261633298,544.3018840382675,11835000,589.3826971435547,575.8808480834961,1,1.0,0.00854946158383263,0.00854946158383263,93281.87211364061
547.2926025390625,547.392267199569,527.8532478040685,536.7255930212515,29244000,586.0584039306641,576.1372973632813,1,1.0,-0.009811617951271057,-0.009811617951271057,92366.62602268223
570.430419921875,591.1059077397648,568.7257162038675,590.238618351305,31159000,583.4478607177734,576.5229077148438,1,1.0,0.042276868489486086,0.042276868489486086,96271.59772386073
595.1632690429688,602.460510920923,576.5313930797772,581.6454434907807,24739300,581.5098614501953,577.0638491821289,1,1.0,0.043358222593530504,0.043358222593530504,100445.7630874067
597.40625,601.3339987723356,586.2211133050413,589.3812373579714,13887700,579.8416180419922,577.7542068481446,1,1.0,0.00376868176128875,0.00376868176128875,100824.31120275293
585.4834594726562,594.1763718529379,584.7557492481277,590.6872568767368,10600700,578.2420855712891,578.3160485839844,0,1.0,-0.019957592555055692,-0.019957592555055692,98812.10068012425
594.953857421875,601.2043765510581,584.8453792561588,588.5239054125428,13139100,577.0437127685547,578.9205694580078,0,0.0,0.016175346708767302,0.0,98812.10068012425
596.1502075195312,609.3988539126512,594.7645157959997,604.4044252029665,14622800,575.5465594482422,579.4783270263672,0,0.0,0.0020108283738851096,0.0,98812.10068012425
590.6473999023438,605.0823489402519,589.8698572714408,601.8424561465808,10427300,574.2473162841796,580.0021577453613,0,0.0,-0.00923057234196667,-0.0,98812.10068012425
637.4412841796875,638.3983203620691,619.0985470240091,628.9577416253547,21965100,573.6855450439454,580.8962698364257,0,0.0,0.07922473591703016,0.0,98812.10068012425
653.98974609375,658.8644917290795,640.8307865245315,643.5323193603671,18570800,573.716693725586,581.9121981811523,0,0.0,0.025960762700455442,0.0,98812.10068012425
657.309326171875,660.6090293889421,652.2750442210183,659.1536090398383,12348200,574.1140313720703,582.8836277770996,0,0.0,0.005075890100651792,0.0,98812.10068012425
641.8775024414062,655.2657270968772,636.5939979037247,652.2451822041022,14341800,573.8746490478516,583.7778485107422,0,0.0,-0.02347726270725936,-0.0,98812.10068012425
638.3485107421875,638.448175394899,624.2026405076157,635.9759078924747,18519000,574.1332061767578,584.6669519042969,0,0.0,-0.005497920842833848,-0.0,98812.10068012425
638.438232421875,641.0002469311114,625.8475073073743,626.2961199602966,9592400,574.4387774658203,585.498638458252,0,0.0,0.00014055281429770083,0.0,98812.10068012425
635.1185913085938,637.3615937967512,630.2936778074568,634.0320152877193,6743500,575.2291436767578,586.1998350524902,0,0.0,-0.00519962769254656,-0.0,98812.10068012425
633.5236206054688,644.5990543502297,628.2101796540182,629.8251366516639,11464600,575.8338262939453,586.9407809448243,0,0.0,-0.002511295882299258,-0.0,98812.10068012425
634.5902099609375,641.2494271811771,628.7484497588706,632.078027946325,8228400,576.1839471435546,587.7487532043457,0,0.0,0.0016835826175658486,0.0,98812.10068012425
625.1098022460938,630.4830536161486,620.7135443903518,622.0593214688579,8454100,576.9205487060547,588.4180511474609,0,0.0,-0.014939416911942782,-0.0,98812.10068012425
640.3223266601562,641.0799727179783,630.7820830337338,633.4337833907804,9508400,577.6127899169921,589.1891130065918,0,0.0,0.0243357636680821,0.0,98812.10068012425
641.5784301757812,648.8557144048555,640.5516043549418,640.6014366817531,9042900,578.3839837646484,589.8635005187988,0,0.0,0.0019616737747951696,0.0,98812.10068012425
643.0438232421875,651.2881222551338,637.5110964196524,649.6233331448041,8858800,579.6338848876953,590.5047486877442,0,0.0,0.0022840435361968225,0.0,98812.10068012425
645.4762573242188,647.3902689717587,630.8120452521741,640.501786260345,16241000,580.8985382080078,591.1672068786621,0,0.0,0.003782687888621794,0.0,98812.10068012425
668.8134765625,671.166122188044,642.256314296396,642.3859148545713,15766300,582.5912579345703,591.8837632751465,0,0.0,0.03615503897079697,0.0,98812.10068012425
664.7760009765625,673.4788911194719,662.9617149147357,669.3617309927172,11585000,583.9988665771484,592.5889805603027,0,0.0,-0.0060367736707234165,-0.0,98812.10068012425
685.8104248046875,686.857147039673,666.4906935079915,667.238360939457,14031900,585.3765692138672,593.3468238830567,0,0.0,0.03164137062292438,0.0,98812.10068012425
682.49072265625,692.2203773049333,680.1280985848566,689.5088052796527,13083100,586.5391400146484,594.1373344421387,0,0.0,-0.00484055364043634,-0.0,98812.10068012425
695.5401000976562,700.6242144400436,689.7182360915449,694.0048506531133,11728000,588.2683465576172,594.9838447570801,0,0.0,0.01912022685175585,0.0,98812.10068012425
691.9014282226562,702.9968181048444,691.7818062976731,696.2877682898165,12773200,590.0922564697265,595.8248387145997,0,0.0,-0.005231433636233351,-0.0,98812.10068012425
700.2155151367188,701.0428899746662,689.4092014623567,699.1687320280228,10850100,592.597642211914,596.6654954528808,0,0.0,0.012016288122745467,0.0,98812.10068012425
691.9811401367188,706.6653082639799,689.8378026054309,701.5213833723484,9582500,594.9459149169921,597.4810377502441,0,0.0,-0.011759772272958324,-0.0,98812.10068012425
691.20361328125,693.2173504861605,684.8634076906623,691.1438023170118,7322700,597.0864373779297,598.3122288513183,0,0.0,-0.0011236243451883121,-0.0,98812.10068012425
680.7462768554688,692.4099021517203,678.8920760381308,685.810495147385,9274400,599.0590838623046,599.1253352355957,0,0.0,-0.015129169212728333,-0.0,98812.10068012425
700.4749145507812,705.4931583928874,691.8851025594383,697.6914734952734,13720300,602.4692498779297,600.0471275329589,1,0.0,0.028980896945105306,0.0,98812.10068012425
695.5963134765625,704.3158251974513,694.4290719322615,700.3551564610796,10066100,606.3179711914063,600.9560597229004,1,1.0,-0.006964704906452512,-0.006964704906452512,98123.90355770051
694.1398315429688,699.9462025997926,693.2718748228809,696.5441581244662,10068300,609.9078796386718,601.8505513000488,1,1.0,-0.0020938609152689747,-0.0020938609152689747,97918.44575118742
680.7511596679688,700.1755711266569,677.0797895921414,699.10807093925,22538600,613.3456530761719,602.6627378845214,1,1.0,-0.01928814810301116,-0.01928814810301116,96029.78026752186
696.8933715820312,697.4121118139869,677.1596869463602,682.0881149489193,11080100,615.6045556640624,603.6031112670898,1,1.0,0.023712353162844035,0.023712353162844035,98306.87233137565
710.5313720703125,711.5190428194142,700.4649855174316,703.2385013793354,13823200,618.9233630371094,604.6068029785156,1,1.0,0.019569709003432356,0.019569709003432356,100230.70921593824
707.01953125,714.9010456370576,703.7272754411318,711.6486741856498,9320400,622.2261633300782,605.5724539184571,1,1.0,-0.004942555611696431,-0.004942555611696431,99735.31336163869
724.3887329101562,726.5136861086672,709.3839340058294,712.686175943774,13964800,626.1173974609375,606.7074238586425,1,1.0,0.024566791852903558,0.024566791852903558,102185.49004537817
731.9111328125,733.7069032905775,724.1593181930845,724.8178059334097,18775700,630.3576586914063,607.8575357055664,1,1.0,0.010384479438440897,0.010384479438440897,103246.6331656614
736.3606567382812,746.1476691378697,732.5296271967599,742.8054817668852,15402100,635.0699157714844,609.0298951721192,1,1.0,0.006079322647659646,0.006079322647659646,103874.30276096001
717.5347900390625,736.0214022335938,713.693835204326,735.1534455733583,13431200,639.4222039794922,610.0731278991699,1,1.0,-0.02556609526452458,-0.02556609526452458,101218.64244103724
711.8980712890625,718.6122830220947,711.1298559583659,713.6539572494278,9336700,643.9971118164062,611.0197230529785,1,1.0,-0.00785567310219637,-0.00785567310219637,100423.50187417235
717.3253173828125,727.3218592846127,712.7460452917771,724.9074856770499,8601700,648.3691357421875,611.9983256530762,1,1.0,0.007623628034168828,0.007623628034168828,101189.09329834969
716.6669311523438,725.2966891559722,711.8383050380374,715.918688350601,9457100,652.3294348144532,612.9280564880371,1,1.0,-0.0009178349272138675,-0.0009178349272138675,101096.21841426735
718.9814453125,721.2161872254258,713.1351899702655,719.8793609595846,7770700,656.0792260742187,613.8542323303222,1,1.0,0.0032295534502124745,0.0032295534502124745,101422.71405525059
731.0631103515625,735.8019810021477,721.0266226856489,721.0266226856489,11418000,659.7891284179688,614.8327055358886,1,1.0,0.01680386207158846,0.01680386207158846,103127.00735316119
725.5360107421875,734.0759515650559,717.9138972384281,729.8359096434607,9913600,663.3392431640625,615.6783015441895,1,1.0,-0.007560359059448407,-0.007560359059448407,102347.33014884492
715.828857421875,723.4608966552098,708.0371589748221,720.8071559255932,10873900,666.6015075683594,616.4641651916504,1,1.0,-0.013379285351229564,-0.013379285351229564,100977.99601384702
719.2308349609375,726.2942632522581,714.8710789388857,715.9186065632238,8939400,670.0402722167969,617.2518125915527,1,1.0,0.0047525012491325125,0.0047525012491325125,101457.89406603774
708.7255859375,722.7725529543028,708.1569141283312,722.2039420372861,11529500,672.8061755371094,617.9923069763183,1,1.0,-0.014606227253880277,-0.014606227253880277,99975.97700860907
701.2630004882812,712.2970836136572,697.6315755690009,711.6985138171127,13067600,674.9281701660157,618.6707084655761,1,1.0,-0.010529583801249798,-0.010529583801249798,98923.2715805851
699.7665405273438,704.2460714207873,695.4766277838654,702.7395996705828,11803300,676.9753759765625,619.343966217041,1,1.0,-0.0021339496877712527,-0.0021339496877712527,98712.1742960824
702.6298828125,703.0588680042227,690.0294703606638,700.5447529444856,12779800,679.3183044433594,620.0339295959473,1,1.0,0.004091853667365086,0.004091853667365086,99116.0900684894
711.2994384765625,715.3200251684316,704.1063709182977,705.1439122135475,9404400,681.6452160644532,620.7419621276855,1,1.0,0.012338723239836868,0.012338723239836868,100339.05607245924
703.1585693359375,714.9209224678821,699.7665114607927,714.5119099243975,8921100,683.7853833007813,621.3892375183106,1,1.0,-0.011445066170811091,-0.011445066170811091,99190.66893619322
711.9080200195312,712.9555475747247,703.278263571404,704.7148919274861,8771600,686.210595703125,622.0984718322754,1,1.0,0.01244306912430404,0.01244306912430404,100424.90528625224
713.1251831054688,721.9245248031309,712.3270697155897,715.3699112663372,10920800,687.7242736816406,622.7642311096191,1,1.0,0.00170971958695465,0.00170971958695465,100596.60371383821
711.0101318359375,718.9614892126135,710.2319910963464,715.2401874661052,8271700,688.8646813964843,623.3538810729981,1,1.0,-0.002965890589252229,-0.002965890589252229,100298.2451935726
715.9486083984375,723.0419351595109,711.0101939967738,713.5243091595448,8715700,690.0374670410156,624.0237553405761,1,1.0,0.006945718972735548,0.006945718972735548,100994.88861814568
698.35986328125,722.7724995594365,698.270047363426,718.3130022321428,13267000,691.1671142578125,624.565330657959,1,1.0,-0.02456704980058999,-0.02456704980058999,98513.74215985865
693.5811157226562,706.8399547738821,689.5805015781577,706.4309422136296,27077300,692.2717663574218,625.0948551940918,1,1.0,-0.006842815301756788,-0.006842815301756788,97839.63081757385
771.6278076171875,782.9113054874113,763.7163951695271,773.3836936232736,38831100,694.9355578613281,626.0478529357911,1,1.0,0.11252712930803033,0.11252712930803033,108849.24360603293
748.2527465820312,764.2052724882252,743.5637464392476,758.9476005405788,19028700,697.1982409667969,626.8535218811035,1,1.0,-0.03029318125190328,-0.03029318125190328,105551.85374034282
774.5509643554688,775.029820232538,756.6330226185955,758.2193240496142,15801700,700.0187878417969,627.7883436584473,1,1.0,0.03514616938402959,0.03514616938402959,109261.59707069922
761.6712036132812,781.2950989411861,761.212259491104,774.6307577641016,11640300,702.5604077148438,628.67941696167,1,1.0,-0.016628680790430894,-0.016628680790430894,107444.72085035787
770.18115234375,771.8273106109475,758.678199773599,768.1958248249329,9733900,705.4618347167968,629.6602128601074,1,1.0,0.011172732656950402,0.011172732656950402,108645.1719918196
760.0450439453125,773.1841694919084,757.7703567732848,771.6776976898961,9019700,707.8562890625,630.5896315002442,1,1.0,-0.013160680922393642,-0.013160680922393642,107215.32754947669
767.4974975585938,768.0961282780016,756.8026440305783,760.9628565603988,7320800,710.3746704101562,631.5586015319824,1,1.0,0.009805278874783996,0.009805278874783996,108266.60373575061
764.0755615234375,771.6478049440495,762.8783609453131,768.2757194135389,7612000,712.7953051757812,632.5169801330567,1,1.0,-0.0044585631171976114,-0.0044585631171976114,107783.89024951014
788.1489868164062,791.8103707559926,770.6201469797736,771.1888187456735,14563100,715.648759765625,633.5616404724121,1,1.0,0.03150660288750817,0.03150660288750817,111179.79447727223
778.2523193359375,793.5962894533881,776.4066172801486,789.2963900548351,8811800,717.8375366210937,634.6479774475098,1,1.0,-0.012556848573065715,-0.012556848573065715,109783.72663363654
780.2974243164062,785.9641084064921,770.6999694623344,776.0573823379099,8116200,720.1479650878906,635.7241883850097,1,1.0,0.0026278173924541015,0.0026278173924541015,110072.21821989283
783.3901977539062,794.3843975355859,778.9905571139482,782.3127720209482,13375400,722.099560546875,636.788643951416,1,1.0,0.003963582784102471,0.003963582784102471,110508.49856903717
765.572021484375,773.9922487170201,754.7873521125813,773.2739649293972,16513700,723.7611865234375,637.7395771789551,1,1.0,-0.022744956881792233,-0.022744956881792233,107994.98753401282
749.7192993164062,765.3725408429555,747.6042712449723,765.3226701689615,12286700,724.8447705078125,638.5360090637207,1,1.0,-0.020707029153484102,-0.020707029153484102,105758.73217871587
745.968017578125,748.4422481947564,729.2872227778392,745.8184055724877,11898200,725.9261022949219,639.3210493469238,1,1.0,-0.005003581662765821,-0.005003581662765821,105229.55972570908
737.3682250976562,743.7532539146816,731.392269728463,742.965126847803,8876300,726.6691564941407,640.1836091613769,1,1.0,-0.011528366200455942,-0.011528366200455942,104016.43482607836
753.021484375,755.1265868650723,732.6693186706706,737.4979443181139,10612700,727.8899633789063,641.1265254211426,1,1.0,0.021228551413740027,0.021228551413740027,106224.5530606577
751.5349731445312,757.1019160115399,748.3724176422635,753.0514312038815,6861200,729.0965905761718,642.0942539978028,1,1.0,-0.0019740621765959032,-0.0019740621765959032,106014.85918823486
752.3331298828125,753.1013452690629,746.187589469264,749.0408739151204,7601800,730.5283276367187,643.0075050354004,1,1.0,0.0010620353899721824,0.0010620353899721824,106127.45072055567
745.62890625,752.3830637406979,741.0995653139147,750.5373617239242,8315400,731.4314074707031,643.8891258239746,1,1.0,-0.008911243392746515,-0.008911243392746515,105181.7231765331
749.3501586914062,751.2856157691724,739.0643171271723,742.2568318080029,7468000,732.506484375,644.6915742492675,1,1.0,0.0049907566756250965,0.0049907566756250965,105706.65956363012
736.96923828125,745.3894657992533,733.6270507950396,743.5338383928589,9070500,733.3630725097656,645.4438612365723,1,1.0,-0.01652220963264639,-0.01652220963264639,103960.15197475304
733.3875732421875,734.2755025264773,720.0389186102121,724.3388175548104,9350900,734.41580078125,646.2089424133301,1,1.0,-0.004859992592656348,-0.004859992592656348,103454.9064062243
735.3230590820312,738.5155735710689,732.2702311831985,734.2755314397929,7699300,735.18439453125,646.9754905700684,1,1.0,0.002639103675137644,0.002639103675137644,103727.93462993199
746.8959350585938,759.3765729399474,744.0725487076684,746.8161054490425,11439100,735.9116857910157,647.8238874816894,1,1.0,0.01573849185555254,0.01573849185555254,105360.45588429847
750.68701171875,756.1741251448537,743.2844139282448,750.8565963566639,9663400,736.7850354003906,648.7053712463379,1,1.0,0.005075776265750953,0.005075776265750953,105895.2419856247
750.5372924804688,764.71401930554,750.2579802053917,754.2286352813065,13087800,737.3080065917969,649.7009526062012,1,1.0,-0.00019944295817564406,-0.00019944295817564406,105874.12192530636
763.9058837890625,764.5044535591039,751.664614408497,755.7150988981595,10999000,737.9479016113281,650.7617848205566,1,1.0,0.0178120280531453,0.0178120280531453,107759.95475514204
750.2180786132812,763.9059640843684,749.2403942554,763.3372922969834,12478300,738.2250500488282,651.7208885192871,1,1.0,-0.017918182679636074,-0.017918182679636074,105829.09220029009
749.1406860351562,755.3261108896929,746.6165845282627,752.8818998869256,7923300,738.85716796875,652.6525611877441,1,1.0,-0.0014361058588676645,-0.0014361058588676645,105677.11042094261
753.8196411132812,755.7949823874058,742.0173423532742,746.9756681630587,8248600,739.6955993652343,653.6197203063965,1,1.0,0.006245762865835669,0.006245762865835669,106337.14459297854
762.9082641601562,772.2563046936084,750.2280226983954,755.6951631721865,10533800,740.6072583007813,654.6519776916504,1,1.0,0.012056760730527527,0.012056760730527527,107619.2261021036
777.1747436523438,779.5291993784334,763.3072880544486,765.2028605665566,11782500,741.8174145507812,655.7258613586425,1,1.0,0.01870012446108804,0.01870012446108804,109631.7190246189
773.9024658203125,781.4547366857648,764.5145401578408,778.16248073438,9400900,742.9158349609374,656.7414356994628,1,1.0,-0.004210478864319689,-0.004210478864319689,109170.1169888067
778.421875,786.9319184464317,771.5480036492609,778.9207035004806,10955000,743.8630102539063,657.8012028503418,1,1.0,0.005839765835216726,0.005839765835216726,109807.64490822454
776.5562133789062,788.9470955167301,767.3877436699294,784.5773532506886,23696800,744.8834143066406,658.8261643981933,1,1.0,-0.0023967230123045358,-0.0023967230123045358,109544.46639874604
763.8824462890625,784.4181095052566,763.1935958899483,780.5445827585347,11706900,745.8444860839844,659.6956513977051,1,1.0,-0.016320476060191935,-0.016320476060191935,107756.6485573588
754.1387939453125,769.3133669851754,749.8160063356215,767.9656453445465,10872600,746.5426452636718,660.4128196716308,1,1.0,-0.012755434283225897,-0.012755434283225897,106382.16570810475
759.3899536132812,759.8392144671293,751.2735837511626,756.2352564498105,8828200,747.5559326171875,661.155597076416,1,1.0,0.0069631209932816684,0.0069631209932816684,107122.91759945762
747.6595458984375,755.5064686568031,743.3068402529434,752.1920046258563,10591100,748.4838635253906,661.8638557434082,1,1.0,-0.015447146303462223,-0.015447146303462223,105468.17421884507
742.5081787109375,750.6745134518627,736.1188402620083,748.7477432379202,9696300,749.3386962890625,662.4725135803222,1,1.0,-0.006889990525446699,-0.006889990525446699,104741.49949774105
742.1588134765625,749.5264964028529,737.9159094495395,747.4698773667765,9246800,750.1292749023437,663.130179901123,1,1.0,-0.0004705203853532236,-0.0004705203853532236,104692.21648703491
733.15380859375,741.729431724798,725.0872827303901,741.0106631587118,16226800,750.5663623046875,663.7142091369628,1,1.0,-0.012133528187355913,-0.012133528187355913,103421.93052729269
716.142333984375,720.6447527663656,709.0142405229949,720.2853684573676,20419600,750.8260375976563,664.14670211792,1,1.0,-0.02320314565644066,-0.02320314565644066,101022.21640919764
725.8360595703125,726.5548890984803,716.9409630753169,721.3735522103992,11415300,751.1045983886719,664.6370677185058,1,1.0,0.013536032051065794,0.013536032051065794,102389.65636838225
709.3735961914062,729.7794705550638,708.9942257916973,728.4117628788885,16154300,751.0295666503906,665.0970707702637,1,1.0,-0.022680690993296504,-0.022680690993296504,100067.38821138114
714.465087890625,715.6830826309072,689.3571155710283,704.0125981338592,21654700,751.0986657714843,665.5606690979004,1,1.0,0.007177447436096829,0.007177447436096829,100785.61663033583
711.889404296875,717.3003375901077,704.5716259627259,716.5216106896504,12062900,751.0174816894531,666.0352931213379,1,1.0,-0.003605051719678065,-0.003605051719678065,100422.27926978382
716.6414794921875,718.4484549738279,706.6281969142439,712.2587946669486,10790600,751.3831140136718,666.6444828796386,1,1.0,0.006675299796049083,0.006675299796049083,101092.6280901122
732.2852783203125,732.2852783203125,711.2504512938121,717.0807271377935,12717200,752.157197265625,667.3399589538574,1,1.0,0.021829323693641323,0.021829323693641323,103299.41179173214
704.1223754882812,734.0423674154782,703.333716456913,729.6995938834806,16980100,750.8070886230469,667.9460145568847,1,1.0,-0.038458922589062805,-0.038458922589062805,99326.6277101382
714.5050048828125,718.7379155876384,706.4584651360833,711.8194939498104,9251800,750.1321337890626,668.5312751770019,1,1.0,0.014745489926138555,0.014745489926138555,100791.24749843536
707.4668579101562,714.3553010671379,698.1624113283383,706.5983153422467,8829800,748.7904516601562,669.0420030212402,1,1.0,-0.009850381627222626,-0.009850381627222626,99798.41524589191
716.3519287109375,722.6913629779451,708.3253746524584,715.8627565899488,10246800,747.8840661621093,669.619068145752,1,1.0,0.012558992271422653,0.012558992271422653,101051.78277166528
710.881103515625,724.2786798244232,702.7047754671785,716.3519343648386,9017000,746.6980651855469,670.1864085388183,1,1.0,-0.007637063538248778,-0.007637063538248778,100280.04388598478
715.7229614257812,717.3402516818879,704.9410060739878,705.8994251244851,12232400,745.8116235351563,670.8206370544434,1,1.0,0.006811065712973852,0.006811065712973852,100963.05785459212
730.947509765625,732.5448748734839,718.9775387090459,719.9858621042338,8900200,745.0806237792968,671.5595234680176,1,1.0,0.02127156617906345,0.02127156617906345,103110.70022138668
732.0457153320312,737.2669635645257,727.5332426508437,734.7911237948646,7647300,744.4400268554688,672.2355250549316,1,1.0,0.001502441080561745,0.001502441080561745,103265.61797324478
732.1854248046875,739.3634223567747,722.8211423130082,732.6047674176828,8734500,743.3207556152344,672.8853831481933,1,1.0,0.00019084801636037874,0.00019084801636037874,103285.32601159322
732.7744750976562,741.170406509876,731.8759534115667,733.4733185275871,9856000,742.4111987304688,673.4108473205566,1,1.0,0.0008045097225555242,0.0008045097225555242,103368.42006056686
737.1271362304688,739.9724141089259,729.9292138570585,735.5597503675807,9151300,741.54779296875,674.0193791198731,1,1.0,0.005939973730979764,0.005939973730979764,103982.42576033951
749.56640625,754.4881675999588,746.7611003830549,748.4781993498117,11321100,740.8713171386719,674.7258140563965,1,1.0,0.016875338605960577,0.016875338605960577,105737.1644041144
750.1853637695312,757.1337649704751,744.2752651341964,751.3733793283152,12193800,740.563583984375,675.4097468566895,1,1.0,0.0008257540817868669,0.0008257540817868669,105824.47729921767
750.4149780273438,757.8924628078227,741.2702985772319,753.4898526523095,26818600,740.5774975585938,676.1323265075683,1,1.0,0.0003060766963765005,0.0003060766963765005,105856.86770562519
665.357177734375,679.8230352249238,649.0844057389726,668.0327566076506,88440100,738.9652807617188,676.4997361755371,1,1.0,-0.11334768465917988,-0.11334768465917988,93858.23684591947
647.2674560546875,673.7631824593219,644.4921293755289,673.383812052831,56953200,737.1632653808593,676.6628038024902,1,1.0,-0.02718798606980577,-0.02718798606980577,91306.42041001607
636.645263671875,658.2291607688485,635.1177890022415,654.90470367213,33003600,734.8357409667968,676.8017445373536,1,1.0,-0.01641082412447914,-0.01641082412447914,89808.00680323156
626.2725830078125,640.6684891460408,624.9647727272926,626.9913515895119,27356600,732.3304931640625,676.8815007019043,1,1.0,-0.0162927162989287,-0.0162927162989287,88344.79042701425
634.88818359375,641.1576663615418,625.4938610947797,631.2542465797685,20219900,729.9815942382812,676.9859587097168,1,1.0,0.01375694996028587,0.01375694996028587,89560.14528817062
617.9065551757812,634.938067569805,616.9681222612256,634.7882936522686,23628800,727.4271472167969,676.9704493713378,1,1.0,-0.026747431842005898,-0.026747431842005898,87164.64140631513
620.6719360351562,621.0912176885568,600.1961723842201,615.4606203242017,29946800,724.8535827636719,676.904275970459,1,1.0,0.004475403013952883,0.004475403013952883,87554.73830517508
630.7051391601562,633.9397194755629,617.0779066438014,630.0362749426478,19245000,722.72830078125,676.8332890319824,1,1.0,0.01616506650694083,0.01616506650694083,88970.06647287605
626.0330200195312,628.5088598168925,618.3558571038752,626.9514668906089,13302200,720.5812097167968,676.6772389221192,1,1.0,-0.007407770843355421,-0.007407770843355421,88310.99660852688
607.9931640625,627.939784558569,606.7552442025384,627.0812350986922,24493300,718.0346118164063,676.3590281677247,1,1.0,-0.02881614128990906,-0.02881614128990906,85766.21445280289
608.8717041015625,616.6187572691151,601.993193452889,612.0463872625083,20973800,715.2741271972657,676.0344535827637,1,1.0,0.0014449834159191433,0.0014449834159191433,85890.14521033336
608.4424438476562,612.6553687237855,594.2062431482154,600.7852061056304,20724100,712.4292358398437,675.6553926086426,1,1.0,-0.0007050093657080536,-0.0007050093657080536,85829.59185353805
601.0048217773438,610.6686515784111,594.4058732487083,608.0230519623859,16501300,709.4385864257813,675.2282868957519,1,1.0,-0.012224035560830737,-0.012224035560830737,84780.4078705488
596.6920776367188,602.6520806612418,582.8053290854997,590.612218909938,25500600,706.0943103027344,674.7383836364746,1,1.0,-0.007175889417777026,-0.007175889417777026,84172.03303887573
589.3343505859375,594.3359951431619,580.2794874440681,592.7286370493186,24744700,702.8766357421875,674.1781758117676,0,1.0,-0.012330860969233193,-0.012330860969233193,83134.11940197565
588.1663818359375,605.7069934113463,582.376016746667,602.4923987587222,20603000,699.6571496582031,673.608741607666,0,0.0,-0.0019818440055950903,-0.0,83134.11940197565
593.2578125,597.1213460929463,580.88848479756,587.517412968027,21052600,696.4459130859375,673.0293070983887,0,0.0,0.008656446239191373,0.0,83134.11940197565
612.0264282226562,615.6703584886146,596.6321908004635,597.7203367937327,23554900,693.4282763671876,672.5311161804199,1,0.0,0.031636525178766695,0.0,83134.11940197565
635.15771484375,635.9863461070595,617.2676517847817,622.9581470454041,25213000,690.5879357910156,672.1342390441895,1,1.0,0.03779458787142209,0.03779458787142209,86276.13918282691
632.5521240234375,637.2941935276676,630.575449286631,636.6253292062765,15209500,687.7609289550782,671.7123820495606,1,1.0,-0.004102273749368668,-0.004102273749368668,85922.21084186033
646.8681640625,646.9679727244463,634.4389389877349,635.0179876534709,11033200,685.1298547363281,671.3343165588379,1,1.0,0.02263219028971597,0.02263219028971597,87866.81866774641
639.7999877929688,644.2425701847634,636.6951949252638,638.482184375183,13029900,682.3947302246094,670.9050733947754,1,1.0,-0.010926764775593956,-0.010926764775593956,86906.71860858418
646.01953125,646.7882651016448,637.0046400682228,641.2675300698932,11640900,680.0374719238281,670.4665406799317,1,1.0,0.009721074672861318,0.009721074672861318,87751.54530975157
638.5321044921875,647.766660764867,636.4855393427306,643.3340713166507,11134300,677.7253381347656,670.0916648864746,1,1.0,-0.011590093481113284,-0.011590093481113284,86734.4966964994
660.4254760742188,674.9710950003275,658.9479057878542,674.8712863431018,29874600,675.7460485839844,669.8890043640137,1,1.0,0.034287033381732,0.034287033381732,89708.36528007999
672.2955932617188,673.5634922785046,661.2840414153883,662.8913386215002,21207900,674.23876953125,669.7901661682129,1,1.0,0.017973439271391722,0.017973439271391722,91320.73313557733
665.6866455078125,675.5801331063639,663.9595535520253,668.2224435191038,13161000,672.7023388671874,669.7145072937012,1,1.0,-0.009830419565658888,-0.009830419565658888,90423.01201381105
655.8630981445312,663.3705005924867,652.2491473204041,662.6617250742562,12997100,670.9764245605469,669.6665223693848,1,1.0,-0.014757014324340956,-0.014757014324340956,89088.63833027318
649.0444946289062,653.4171862971667,642.3257510862366,648.8648024836247,16910900,669.29423828125,669.6373823547364,0,1.0,-0.01039638231654616,-0.01039638231654616,88162.43878613116
651.6202392578125,654.1859556266841,639.7300904007725,642.2159232785478,13056700,668.0037963867187,669.5404441833496,0,0.0,0.003968517798427662,0.0,88162.43878613116
643.1543579101562,709.8128965395189,637.543746077992,648.7150654102267,14016900,666.3501623535157,669.478168182373,0,0.0,-0.012992047879450186,-0.0,88162.43878613116
646.9561157226562,652.4414097008485,638.1536544261938,645.1476664750544,15549100,665.1018127441406,669.3852995300293,0,0.0,0.005911112574675359,0.0,88162.43878613116
656.587890625,661.973233609148,642.6498114209788,642.9495426008936,14309100,663.9442687988281,669.4060774230957,0,0.0,0.01488783345310063,0.0,88162.43878613116
648.9443969726562,660.664343241777,648.644665798819,655.0491556477624,15598500,662.6853686523438,669.4635871887207,0,0.0,-0.011641234572675407,-0.0,88162.43878613116
663.881591796875,669.9863502083882,655.8984367998282,656.4679564970005,20260300,661.6301708984375,669.5137620544433,0,0.0,0.02301768054998421,0.0,88162.43878613116
658.2064819335938,670.4260003995075,657.6169598101359,665.8499012351181,49977100,660.1485949707031,669.677691192627,0,0.0,-0.008548376598183527,-0.0,88162.43878613116
660.9341430664062,673.0038267300547,656.0883162216827,661.0840391473547,15659400,659.2848303222656,669.8665635681152,0,0.0,0.004144081238458108,0.0,88162.43878613116
664.3711547851562,665.4302455294139,657.6868755551602,659.4853234816244,8486800,658.2821533203125,670.2104179382325,0,0.0,0.005200233268028764,0.0,88162.43878613116
666.9789428710938,667.6084088263418,661.633543835896,661.9632786179176,5627500,657.4723950195313,670.5288652038574,0,0.0,0.003925197635620936,0.0,88162.43878613116
662.7225952148438,668.3777877623371,660.7543096382171,667.4885344385556,7133800,656.3998083496094,670.7570573425293,0,0.0,-0.00638153228335514,-0.0,88162.43878613116
658.1265258789062,659.6851889371151,653.8302165118,657.4471149030659,8506500,655.344716796875,671.1062913513183,0,0.0,-0.0069351329939905115,-0.0,88162.43878613116
665.3803100585938,671.6449047754843,657.2772625792347,658.1265110341435,9187500,654.3378637695313,671.404641571045,0,0.0,0.011021868735651363,0.0,88162.43878613116
659.5253295898438,664.4311023248911,658.8758612620638,664.1813161961976,7940400,652.9094201660156,671.6871745300293,0,0.0,-0.008799449548235638,-0.0,88162.43878613116
649.8535766601562,663.8216588672108,642.9495146869224,662.1630447721155,13726500,651.2655773925782,672.0336985778808,0,0.0,-0.01466471793540114,-0.0,88162.43878613116
658.2264404296875,663.9715218041853,647.1959061445123,650.4531272549772,12213700,649.7863977050781,672.4136128234863,0,0.0,0.012884231264160384,0.0,88162.43878613116
660.0548706054688,664.9507033148827,651.3423593634897,659.0057810200069,11074400,648.3320056152344,672.7929997253418,0,0.0,0.0027778133230071944,0.0,88162.43878613116
648.1350708007812,658.5861445899717,644.2583851266311,655.0791375151089,12846300,646.5521643066406,673.0616972351074,0,0.0,-0.01805880137473037,-0.0,88162.43878613116
645.50732421875,646.5464125947736,635.1761427603,645.3274855180696,11921700,644.4709826660156,673.2046073913574,0,0.0,-0.004054319385594418,-0.0,88162.43878613116
652.5013427734375,654.3897406244424,642.3000548798136,644.8878661181845,11634900,642.5173022460938,673.3453031921387,0,0.0,0.010834917424294543,0.0,88162.43878613116
641.4207763671875,653.4105105723186,640.6814191818085,651.9718010113269,14797200,640.3374182128906,673.5070082092285,0,0.0,-0.016981676021006198,-0.0,88162.43878613116
630.5501708984375,641.720599826752,623.5660991574318,641.720599826752,18030400,639.6412780761718,673.6562294006347,0,0.0,-0.01694769778166183,-0.0,88162.43878613116
614.9934692382812,627.9124008742662,614.2940558608916,625.9640568168747,15527900,638.9957983398438,673.8564656066894,0,0.0,-0.024671631819543127,-0.0,88162.43878613116
620.2689208984375,623.6360331340583,613.7045339245012,617.9508982377323,13076100,638.668271484375,674.0849726867676,0,0.0,0.008578061270618553,0.0,88162.43878613116
619.7194213867188,628.5418850412981,619.5495838845379,623.6460522405506,17012500,638.5372082519531,674.2626823425293,0,0.0,-0.0008859052794759625,-0.0,88162.43878613116
603.6032104492188,610.8770121629093,599.4867397151437,607.3600037753715,15169600,637.9115087890625,674.3701286315918,0,0.0,-0.026005657369003288,-0.0,88162.43878613116
612.4356689453125,617.7411240978843,599.5666821865381,606.2209580964126,14494700,637.8020910644532,674.7824739074707,0,0.0,0.014632888532054578,0.0,88162.43878613116
647.0759887695312,660.0049216653568,626.0140046136898,628.811597152667,21394700,638.3301721191406,675.5020526123047,0,0.0,0.05656156488055886,0.0,88162.43878613116
658.1964721679688,665.9198400091174,643.8987161260534,644.2184496993522,22797700,638.8799987792969,676.219812927246,0,0.0,0.017185745710614375,0.0,88162.43878613116
671.7847900390625,674.7023359243682,660.7242529636108,664.5609947255355,16327400,639.7950341796875,677.0344244384765,0,0.0,0.020644774692177403,0.0,88162.43878613116
672.394287109375,676.2410302656567,664.0913982323968,674.0129574053085,13297400,641.083056640625,677.4766546630859,0,0.0,0.0009072802471117303,0.0,88162.43878613116
668.1578979492188,677.1002536346601,665.5301429727417,673.9229813666298,25709600,642.2687805175781,678.0944891357422,0,0.0,-0.006300453828018804,-0.0,88162.43878613116
737.6784057617188,743.363540655783,711.9404325537852,736.7991536844581,59852900,644.8534997558594,679.073483581543,0,0.0,0.10404802222031617,0.0,88162.43878613116
715.8870849609375,731.5436633097714,712.9796010924755,726.8776752394725,23744600,647.1511450195312,680.0037838745117,0,0.0,-0.029540407622858034,-0.0,88162.43878613116
705.8056640625,720.6829408229889,702.9181827036907,713.9886602426056,14365200,649.3334167480468,680.9333218383789,0,0.0,-0.014082417618956788,-0.0,88162.43878613116
691.1082763671875,716.3866205151361,685.8227628297016,706.7648539132639,13760700,651.3688952636719,681.885124206543,0,0.0,-0.02082356156043974,-0.0,88162.43878613116
668.417724609375,688.2407799622291,666.8890651090074,687.1416843315144,16882800,652.9739221191406,682.7276109313965,0,0.0,-0.032832122742163405,-0.0,88162.43878613116
669.63671875,680.9170392363125,652.9409906690098,663.0123852284637,17131800,654.5015002441406,683.6600311279296,0,0.0,0.0018237011014892168,0.0,88162.43878613116
660.8941650390625,671.4151252649915,645.9469408650316,664.920685797671,18159300,655.4788549804688,684.4708813476562,0,0.0,-0.013055666551943346,-0.0,88162.43878613116
676.640625,682.7254419812133,658.2164585284562,662.6126578425271,14837500,656.3085131835937,685.2608245849609,0,0.0,0.023825993319227967,0.0,88162.43878613116
670.1461791992188,680.0677378888336,669.216982119095,677.0202983345941,10455800,657.0603942871094,685.954096069336,0,0.0,-0.009598072537813196,-0.0,88162.43878613116
668.1179809570312,678.6889475196376,656.5378686274887,673.4234361526849,14323800,657.485390625,686.5668460083008,0,0.0,-0.0030265012397907576,-0.0,88162.43878613116
649.254150390625,675.421749916193,644.7280570616384,669.3968787035581,14960100,657.6744738769531,687.0729653930664,0,0.0,-0.028234280627180808,-0.0,88162.43878613116
639.2227172851562,650.872715705495,634.0271535178357,644.5481137374378,12336400,657.5385375976563,687.505500793457,0,0.0,-0.015450703086662299,-0.0,88162.43878613116
638.7431030273438,642.0502690775812,628.2620863630333,638.952945338547,12674700,657.5427575683593,687.9627532958984,0,0.0,-0.0007503085307253299,-0.0,88162.43878613116
642.6697387695312,644.4482453696517,627.6126838179015,633.2578140286595,14649200,657.1876428222656,688.3239498901368,0,0.0,0.0061474413165121256,0.0,88162.43878613116
644.2284545898438,646.6363661317032,636.1752909436037,638.0237449576674,10035700,656.6263000488282,688.5692758178711,0,0.0,0.002425376093321052,0.0,88162.43878613116
655.09912109375,662.7825455010891,638.2336163631846,639.1428111159805,14183500,656.4145495605469,688.8577401733398,0,0.0,0.016873931020055855,0.0,88162.43878613116
636.7048950195312,657.1374142434245,635.455964272141,651.9817939677475,8605900,656.0313854980469,689.1138473510742,0,0.0,-0.02807853877670885,-0.0,88162.43878613116
638.7531127929688,640.5615620292823,628.4419334902003,632.5384628258726,10135600,655.8255578613281,689.3328436279297,0,0.0,0.0032169028217925444,0.0,88162.43878613116
653.1307983398438,653.3206382422114,641.5906910720822,641.9803720795121,11330700,655.8557690429687,689.6177465820313,0,0.0,0.022508987054494556,0.0,88162.43878613116
656.447998046875,660.4345752110744,646.9461232211356,649.9935020296807,10637700,656.1216418457032,689.9467495727539,0,0.0,0.005078920968760059,0.0,88162.43878613116
647.62548828125,648.8844201349368,637.5740968396581,642.8995542116262,15703000,656.135029296875,689.9976705932618,0,0.0,-0.013439769474314134,-0.0,88162.43878613116
653.0009155273438,659.3754626922687,633.9572226725116,636.6149203669017,9816100,656.0632897949218,689.9927264404297,0,0.0,0.008300209524427116,0.0,88162.43878613116
654.5196533203125,658.4762268569145,638.293554979916,647.7354225434952,12263800,656.174794921875,689.9787780761719,0,0.0,0.0023257820270317087,0.0,88162.43878613116
667.1587524414062,672.1944798634893,657.1073609851721,657.397151925757,10810100,656.2403381347656,690.1051843261719,0,0.0,0.01931049595986445,0.0,88162.43878613116
660.0049438476562,670.1262833419206,649.7537106790966,661.363765843265,13341400,656.2763073730468,690.2134664916993,0,0.0,-0.010722798086019725,-0.0,88162.43878613116
644.308349609375,648.9143914185428,635.5658346648192,647.3457881163396,13159400,655.9437915039063,690.2428170776367,0,0.0,-0.02378254039549188,-0.0,88162.43878613116
646.836181640625,647.195859029807,626.2438278402449,634.2369839533108,13489700,655.5930920410157,690.3014050292969,0,0.0,0.003923326514055914,0.0,88162.43878613116
653.510498046875,659.7351492208539,648.444827744844,653.0009245574777,9859300,655.3237231445313,690.4013394165039,0,0.0,0.010318403014069721,0.0,88162.43878613116
654.2998046875,658.5561703533895,647.8053649208291,654.1999146227295,8977200,655.1552673339844,690.4998873901367,0,0.0,0.001207794890799807,0.0,88162.43878613116
637.6340942382812,652.9409968457168,636.355220859953,648.1950599902964,11617500,654.7454187011718,690.5625088500976,0,0.0,-0.025471061323605992,-0.0,88162.43878613116
613.1849975585938,628.6317326131165,609.0285222575777,623.3562813254467,18957600,653.7015124511719,690.4268222045898,0,0.0,-0.038343458890626625,-0.0,88162.43878613116
627.4500122070312,634.75,623.0999755859375,632.0,15134900,653.0600061035157,690.356180114746,0,0.0,0.023263802449886795,0.0,88162.43878613116
622.6599731445312,636.5499877929688,621.7000122070312,627.989990234375,10348800,652.5161340332031,690.2542608642578,0,0.0,-0.007634136535675906,-0.0,88162.43878613116
615.6799926757812,622.6500244140625,614.6099853515625,616.3400268554688,11726300,651.665205078125,690.1052795410156,0,0.0,-0.011209939244207434,-0.0,88162.43878613116
606.7000122070312,613.0,602.260009765625,612.1500244140625,13247700,650.5981079101563,689.7947122192382,0,0.0,-0.014585467410955566,-0.0,88162.43878613116
593.6599731445312,603.9600219726562,587.25,603.530029296875,21214900,649.5086059570312,689.4391320800781,0,0.0,-0.021493388495351096,-0.0,88162.43878613116
