Close,High,Low,Open,Volume,MA_short,MA_long,RSI,Signal,Position,Returns,Strategy_Returns,Equity
88.6729965209961,89.85800170898438,87.69999694824219,89.55000305175781,23123000,,,,0.0,0.0,0.0,0.0,5000.0
88.1050033569336,89.88300323486328,87.98899841308594,89.31300354003906,29673000,,,,0.0,0.0,-0.0064054806575529755,-0.0,5000.0
88.17900085449219,89.28299713134766,87.16899871826172,88.8759994506836,34577000,,,,0.0,0.0,0.0008398784942873494,0.0,5000.0
87.91899871826172,88.80000305175781,86.91100311279297,87.93800354003906,26498000,,,,0.0,0.0,-0.0029485720376839497,-0.0,5000.0
87.5,88.62200164794922,87.30000305175781,88.0,23479000,,,,0.0,0.0,-0.004765735783734404,-0.0,5000.0
83.76899719238281,86.64099884033203,83.44000244140625,86.63999938964844,48033000,,,,0.0,0.0,-0.04264003208705358,-0.0,5000.0
84.02899932861328,84.70700073242188,82.91400146484375,83.15299987792969,30245000,,,,0.0,0.0,0.0031037990777584845,0.0,5000.0
82.83999633789062,84.48899841308594,82.35199737548828,84.31999969482422,30377000,,,,0.0,0.0,-0.014149912532848363,-0.0,5000.0
84.82599639892578,85.08399963378906,83.04100036621094,83.64399719238281,31814000,,,,0.0,0.0,0.023973927436387044,0.0,5000.0
84.23699951171875,86.89800262451172,84.2020034790039,86.09600067138672,40285000,86.00769882202148,,,0.0,0.0,-0.006943589373675674,-0.0,5000.0
85.80999755859375,86.5,85.21299743652344,85.97899627685547,36176000,85.72139892578124,,,0.0,0.0,0.018673481439188455,0.0,5000.0
86.96800231933594,91.63999938964844,85.4749984741211,86.35299682617188,98514000,85.60769882202149,,,0.0,0.0,0.013494986524751562,0.0,5000.0
95.39900207519533,99.9000015258789,95.07599639892578,99.8030014038086,142732000,86.3296989440918,,,0.0,0.0,0.09694369803852432,0.0,5000.0
98.48600006103516,98.5,95.38999938964844,95.78099822998048,77521000,87.38639907836914,,,0.0,0.0,0.03235880794021928,0.0,5000.0
97.75900268554688,98.62799835205078,96.76799774169922,98.44100189208984,45504000,88.41229934692383,,76.13588956615487,0.0,0.0,-0.007381733190887418,-0.0,5000.0
97.18900299072266,98.22699737548828,96.0260009765625,97.11000061035156,46342000,89.75429992675781,,73.62073981994268,0.0,0.0,-0.005830661925405378,-0.0,5000.0
97.18299865722656,97.79299926757812,95.7300033569336,96.6709976196289,34340000,91.06969985961913,,73.59316029760691,0.0,0.0,-6.177996801415286e-05,-0.0,5000.0
97.81500244140624,98.76399993896484,96.822998046875,98.0,29307000,92.5672004699707,,74.66883577800004,0.0,0.0,0.00650323403179609,0.0,5000.0
97.3239974975586,99.45899963378906,97.0009994506836,98.6750030517578,38678000,93.81700057983399,,72.20789920996624,0.0,0.0,-0.005019730425726565,-0.0,5000.0
97.6760025024414,99.02899932861328,97.4000015258789,97.4000015258789,36151000,95.16090087890625,,72.89753143339304,0.0,0.0,0.0036168366891387027,0.0,5000.0
97.8939971923828,98.7689971923828,96.43800354003906,97.3000030517578,37242000,96.36930084228516,,73.33875465478246,0.0,0.0,0.0022318142057047297,0.0,5000.0
99.48699951171876,100.8000030517578,97.85099792480467,98.0469970703125,60001000,97.62120056152344,,76.36658272743108,0.0,0.0,0.01627272728689766,0.0,5000.0
101.11100006103516,101.18299865722656,98.66799926757812,98.77300262451172,39934000,98.19240036010743,,78.98658605386996,0.0,0.0,0.01632374639185996,0.0,5000.0
101.56800079345705,101.63500213623048,100.26100158691406,100.78700256347656,31343000,98.5006004333496,,79.66961077203706,0.0,0.0,0.004519792427589708,0.0,5000.0
101.39299774169922,102.7760009765625,100.56700134277344,101.6999969482422,32129000,98.86399993896484,,78.61579899697786,0.0,0.0,-0.0017230136498768145,-0.0,5000.0
102.76000213623048,103.28500366210938,101.58799743652344,102.30500030517578,32966000,99.42109985351563,,80.75697633171694,0.0,0.0,0.013482236692653471,0.0,5000.0
100.80799865722656,102.2689971923828,100.29499816894533,102.0790023803711,33318000,99.78359985351562,,69.98146260324572,0.0,0.0,-0.01899575163900946,-0.0,5000.0
102.7310028076172,102.77400207519533,99.83499908447266,100.54900360107422,33890000,100.27519989013672,,73.70394649388523,0.0,0.0,0.01907590842001894,0.0,5000.0
104.36900329589844,104.5989990234375,102.51000213623048,102.66300201416016,34761000,100.97970046997071,,76.38968412843536,0.0,0.0,0.01594455854138488,0.0,5000.0
105.86000061035156,106.4499969482422,104.16899871826172,104.49500274658205,31454000,101.79810028076172,94.32223332722982,78.5384163356534,0.0,0.0,0.014285824980295736,0.0,5000.0
103.58499908447266,106.1999969482422,102.375,106.0,42293000,102.3672004699707,94.81930007934571,68.32134515549802,0.0,0.0,-0.021490662315908238,-0.0,5000.0
104.33300018310548,104.5,102.45099639892578,103.51799774169922,26000000,102.85180053710937,95.36023330688477,69.71629475498526,0.0,0.0,0.0072211334193557075,0.0,5000.0
102.4540023803711,104.5,101.55899810791016,104.1999969482422,31118000,102.98610076904296,95.83606669108073,62.29539678197198,0.0,0.0,-0.018009621111601537,-0.0,5000.0
100.31500244140624,103.23799896240234,99.93900299072266,102.94200134277344,37387000,102.8608009338379,96.24926681518555,55.10456799173342,0.0,0.0,-0.020877661089545363,-0.0,5000.0
98.84700012207033,101.51699829101562,98.447998046875,100.8000030517578,44262000,102.606201171875,96.62750015258788,50.7728958377587,1.0,0.0,-0.014633925969282258,-0.0,5000.0
97.7239990234375,99.44000244140624,95.5,98.94000244140624,47383000,102.1026008605957,97.09266688028971,47.684831416972614,1.0,1.0,-0.011361003340981335,-0.011361003340981335,4943.194983295093
99.00599670410156,100.08899688720705,97.69000244140624,97.76000213623048,33972000,101.9224006652832,97.59190012613932,51.324458989882906,1.0,1.0,0.013118555252293662,0.013118555252293662,5008.04255980631
96.30699920654295,100.072998046875,96.18299865722656,99.5,37666000,101.28000030517578,98.04080022176107,44.331768585457866,1.0,1.0,-0.02726094971423887,-0.02726094971423887,4871.518563416663
98.05599975585938,98.22699737548828,95.81700134277344,96.95600128173828,47174000,100.64869995117188,98.48180033365885,49.165175879526046,1.0,1.0,0.018160679532392754,0.018160679532392754,4959.988650882975
97.37000274658205,99.49299621582033,96.4810028076172,98.3000030517578,39074000,99.79970016479493,98.9195671081543,47.42586122861891,1.0,1.0,-0.0069959718016778805,-0.0069959718016778805,4925.288710144755
97.25800323486328,98.63099670410156,94.8209991455078,97.16100311279295,43928000,99.16700057983398,99.30116729736328,47.13268998102273,0.0,1.0,-0.0011502465703966402,-0.0011502465703966402,4919.623413697698
99.09200286865234,99.55999755859376,96.947998046875,97.36199951171876,38079000,98.64290084838868,99.70530064900716,52.329357729989724,0.0,0.0,0.018857056209145462,0.0,4919.623413697698
90.63600158691406,97.36900329589844,89.9000015258789,97.29900360107422,78526000,97.46110076904297,99.54653396606446,35.16576273435116,0.0,0.0,-0.08533485081482117,-0.0,4919.623413697698
89.11100006103516,90.48899841308594,85.80699920654297,89.76399993896484,77375000,96.34070053100587,99.23403396606446,33.05978944603764,0.0,0.0,-0.0168255604746258,-0.0,4919.623413697698
86.66799926757812,88.12699890136719,85.44999694824219,87.50700378417969,69953000,95.12280044555663,98.86433385213216,29.964005148874534,0.0,0.0,-0.02741525503903819,-0.0,4919.623413697698
89.51000213623047,91.06800079345705,86.5999984741211,86.74099731445312,73989000,94.30140075683593,98.60836715698242,37.317632051160814,0.0,0.0,0.03279183657947349,0.0,4919.623413697698
91.96800231933594,92.71800231933594,90.0999984741211,91.45999908447266,68658000,93.59760131835938,98.4345339457194,42.90163974591382,0.0,0.0,0.02746062031553187,0.0,4919.623413697698
89.01699829101562,92.18900299072266,88.7509994506836,91.3000030517578,50017000,92.86860122680665,98.14126714070638,38.470631997888006,0.0,0.0,-0.03208729073046179,-0.0,4919.623413697698
91.8000030517578,91.96299743652344,90.0999984741211,90.14600372314452,52007000,92.24300155639648,97.95713399251302,44.312054797653,0.0,0.0,0.031263745286534306,0.0,4919.623413697698
95.0019989013672,96.76300048828124,93.44200134277344,93.99500274658205,75431000,92.006201171875,97.86800053914388,50.17329904207003,0.0,0.0,0.03488012792117323,0.0,4919.623413697698
92.9980010986328,94.8249969482422,91.62999725341795,94.0,60094000,91.58020095825195,97.70480066935221,46.84978593060993,0.0,0.0,-0.021094269867047655,-0.0,4919.623413697698
95.9489974975586,96.8000030517578,92.4000015258789,93.5770034790039,66624000,91.26590042114258,97.58686726888021,51.90227513176059,0.0,0.0,0.03173182610447722,0.0,4919.623413697698
95.08399963378906,96.6999969482422,94.5500030517578,95.0009994506836,44663000,91.71070022583008,97.38596725463867,50.390186053383715,0.0,0.0,-0.009015183965747409,-0.0,4919.623413697698
96.02899932861328,96.36499786376952,94.09500122070312,94.16400146484376,59054000,92.40250015258789,97.2013338724772,52.03426768474123,0.0,0.0,0.009938577452187847,0.0,4919.623413697698
97.1989974975586,97.6999969482422,95.15499877929688,96.96700286865234,46779000,93.45559997558594,97.0615338643392,54.06403753073034,0.0,0.0,0.01218380048865808,0.0,4919.623413697698
99.72799682617188,99.87000274658205,97.71099853515624,97.81800079345705,37822000,94.47739944458007,96.96046702067058,58.18325013157188,0.0,0.0,0.026018779964030125,0.0,4919.623413697698
97.06500244140624,99.6790008544922,96.63200378417967,99.38099670410156,35274000,94.9870994567871,96.83570048014323,52.8128436396261,0.0,0.0,-0.026702575701057163,-0.0,4919.623413697698
97.6719970703125,98.9000015258789,96.63700103759766,97.4219970703125,30472000,95.8525993347168,96.66706695556641,53.85829092498462,0.0,0.0,0.006253485948992665,0.0,4919.623413697698
93.38500213623048,97.4980010986328,92.9229965209961,97.1999969482422,44227000,96.01109924316407,96.30093358357747,46.09134134915032,0.0,0.0,-0.04389175058021877,-0.0,4919.623413697698
93.25299835205078,93.447998046875,90.05899810791016,92.0530014038086,46341000,95.83619918823243,95.88070017496744,45.87197829588901,0.0,0.0,-0.001413543729293254,-0.0,4919.623413697698
92.83799743652344,93.22899627685548,91.1500015258789,92.75,35200000,95.82019882202148,95.52246678670248,45.14453907124362,1.0,0.0,-0.004450268869217733,-0.0,4919.623413697698
93.552001953125,94.95500183105467,91.61100006103516,92.3000030517578,32569000,95.58049926757812,95.16310017903646,46.710312805827314,1.0,1.0,0.0076908651232998615,0.0076908651232998615,4957.459573829875
91.70500183105467,94.65899658203124,90.0469970703125,90.18000030517578,58646000,95.24259948730469,94.80480016072592,43.269642271368475,1.0,1.0,-0.019743031506645692,-0.019743031506645692,4859.584293270829
85.58599853515625,90.66300201416016,85.38700103759766,89.6500015258789,67988000,94.19829940795898,94.31383336385092,34.264786043065214,0.0,1.0,-0.06672485877238488,-0.06672485877238488,4535.329217609834
86.78299713134766,90.67400360107422,82.11000061035156,82.78500366210938,66568000,93.1566993713379,93.91169993082683,37.02570969816757,0.0,0.0,0.013985916115703434,0.0,4535.329217609834
87.04000091552734,92.24199676513672,85.7699966430664,91.24400329589844,56254000,91.88789978027344,93.55556666056314,37.63140311163815,0.0,0.0,0.002961453195615027,0.0,4535.329217609834
94.5469970703125,95.14299774169922,85.44000244140625,85.59300231933594,74980000,91.63609924316407,93.40693333943685,52.11817503272769,0.0,0.0,0.08624765712112903,0.0,4535.329217609834
92.11699676513672,94.1240005493164,89.4000015258789,93.19400024414062,51298000,91.08059921264649,93.26726659138997,48.21421330126705,0.0,0.0,-0.025701506980371325,-0.0,4535.329217609834
91.8290023803711,94.48600006103516,90.66799926757812,92.0,40736000,90.92499923706055,93.05970001220703,47.75762846944951,0.0,0.0,-0.0031263978948412596,-0.0,4535.329217609834
93.12799835205078,94.89800262451172,91.9499969482422,93.2699966430664,40359000,90.91249923706054,92.91829986572266,50.05507912204822,0.0,0.0,0.014145813827956433,0.0,4535.329217609834
97.62799835205078,99.34500122070312,94.8000030517578,95.0,77120000,91.39149932861328,92.93063303629557,57.09434316918874,0.0,0.0,0.04832059186957616,0.0,4535.329217609834
96.16300201416016,98.12100219726562,94.91699981689452,97.62799835205078,60661000,91.6525993347168,92.83299967447917,54.40596032181599,0.0,0.0,-0.015005903661035713,-0.0,4535.329217609834
97.3030014038086,98.47000122070312,95.5999984741211,96.9000015258789,88937000,92.21239929199218,93.05523300170898,56.13677802078405,0.0,0.0,0.011854864820885824,0.0,4535.329217609834
98.79100036621094,101.9000015258789,97.30500030517578,98.44000244140624,97757000,93.53289947509765,93.37789967854818,58.35880404859071,0.0,0.0,0.015292426142407889,0.0,4535.329217609834
104.03399658203124,106.49700164794922,100.4520034790039,100.52999877929688,93689000,95.25799942016602,93.95676625569662,65.07270803087394,0.0,0.0,0.05307159757857405,0.0,4535.329217609834
104.95899963378906,106.125,103.1999969482422,104.72200012207033,64719000,97.04989929199219,94.47173283894857,66.11085965769523,0.0,0.0,0.00889135361658866,0.0,4535.329217609834
109.68699645996094,110.0999984741211,104.7020034790039,104.8000030517578,63819000,98.56389923095703,95.0623659769694,70.87590471538125,0.0,0.0,0.04504613080029585,0.0,4535.329217609834
110.15299987792967,110.68000030517578,109.0999984741211,109.7040023803711,39500000,100.36749954223633,95.76689936319987,71.3041787325296,0.0,0.0,0.004248483712824047,0.0,4535.329217609834
111.03800201416016,111.4000015258789,108.26200103759766,110.0,38311000,102.28839950561523,96.40816599527994,72.14201449162812,0.0,0.0,0.00803429899513608,0.0,4535.329217609834
112.56400299072266,112.78099822998048,109.5479965209961,110.39199829101562,37773000,104.23199996948242,96.99356613159179,73.57471398120316,0.0,0.0,0.013743051467801859,0.0,4535.329217609834
113.1719970703125,113.31999969482422,110.11100006103516,111.26499938964844,42667000,105.7863998413086,97.66603266398111,74.14523958319953,0.0,0.0,0.0054013189246651105,0.0,4535.329217609834
113.34700012207033,114.24199676513672,111.18299865722656,112.2519989013672,34995000,107.5047996520996,98.24596608479818,74.31712146281416,0.0,0.0,0.0015463458831526111,0.0,4535.329217609834
115.64900207519533,115.94400024414062,113.33200073242188,113.66600036621094,37743000,109.33939971923829,98.93146616617838,76.52762568060206,0.0,0.0,0.02030933285085479,0.0,4535.329217609834
113.40599822998048,114.4020004272461,110.70099639892578,111.4800033569336,56623000,110.80089950561523,99.51069946289063,70.18859019369746,0.0,0.0,-0.01939492606911075,-0.0,4535.329217609834
113.7689971923828,114.76599884033205,112.63999938964844,112.94300079345705,32567000,111.77439956665039,100.06303278605144,70.61284092202916,0.0,0.0,0.0032008797424116775,0.0,4535.329217609834
115.54100036621094,116.4000015258789,113.8000030517578,113.91799926757812,43497000,112.83259963989258,100.59013290405274,72.65838148752744,0.0,0.0,0.01557544865084548,0.0,4535.329217609834
114.44300079345705,116.22899627685548,113.91999816894533,116.16200256347656,37609000,113.30820007324219,101.16939951578776,69.43330024075277,0.0,0.0,-0.009503116376643361,-0.0,4535.329217609834
114.02200317382812,115.0999984741211,113.3219985961914,114.70999908447266,25696000,113.69510040283203,101.71439971923829,68.1836249590971,0.0,0.0,-0.0036786663816053,-0.0,4535.329217609834
111.0,113.0,110.29299926757812,112.4260025024414,64791000,113.69130020141601,102.30156631469727,59.85573296766118,0.0,0.0,-0.026503684286453333,-0.0,4535.329217609834
113.84400177001952,114.78800201416016,110.62999725341795,111.4459991455078,39979000,113.81930007934571,102.98793309529623,64.27768677131543,0.0,0.0,0.025621637567743383,0.0,4535.329217609834
115.0989990234375,115.29000091552734,112.83999633789062,112.95999908447266,39101000,114.0120002746582,103.72996648152669,66.05461156575032,0.0,0.0,0.011023832910874276,0.0,4535.329217609834
117.7979965209961,118.77999877929688,114.76499938964844,114.77400207519533,44640000,114.45709991455078,104.53816630045573,69.5613201452859,0.0,0.0,0.023449356818550537,0.0,4535.329217609834
119.15299987792967,119.6500015258789,117.93900299072266,119.31400299072266,46984000,114.80749969482422,105.45309956868489,71.1714618061796,0.0,0.0,0.011502770819129093,0.0,4535.329217609834
119.16400146484376,119.16400146484376,117.1709976196289,117.35800170898438,28534000,115.38330001831055,106.5723663330078,71.18478964447613,0.0,0.0,9.233159824217907e-05,0.0,4535.329217609834
119.2020034790039,119.3000030517578,117.9020004272461,118.6790008544922,21331000,115.92660064697266,107.65299987792969,71.2342604068347,0.0,0.0,0.00031890515334320746,0.0,4535.329217609834
119.46299743652344,121.12200164794922,118.6500015258789,118.6500015258789,29766000,116.31880035400391,108.73376642862955,71.59494776560066,0.0,0.0,0.0021895098228403853,0.0,4535.329217609834
118.7969970703125,119.875,118.72100067138672,119.23999786376952,18616000,116.75419998168945,109.54209976196289,69.21013773807009,0.0,0.0,-0.005574951076920853,-0.0,4535.329217609834
118.53900146484376,119.1449966430664,117.94400024414062,118.4000015258789,21865000,117.20589981079101,110.42283325195312,68.26156599415185,0.0,0.0,-0.002171735076064607,-0.0,4535.329217609834
121.15699768066406,121.177001953125,119.30899810791016,119.53299713134766,29205000,118.22159957885742,111.40043309529622,72.39598190161644,0.0,0.0,0.02208552614302839,0.0,4535.329217609834
120.8550033569336,121.59100341796876,120.60199737548828,121.0270004272461,18559000,118.92269973754883,112.32466659545898,71.24309711473634,0.0,0.0,-0.002492586722282808,-0.0,4535.329217609834
118.48600006103516,120.9000015258789,117.62799835205078,120.8000030517578,33007000,119.26139984130859,113.01993331909179,62.79518549818452,0.0,0.0,-0.019602029126604026,-0.0,4535.329217609834
120.7229995727539,121.18099975585938,118.09300231933594,119.83300018310548,46968000,119.55390014648438,113.83859990437826,66.79874245796313,0.0,0.0,0.018879863532961005,0.0,4535.329217609834
121.89800262451172,121.94000244140624,119.625,120.12000274658205,22942000,119.82840042114258,114.65843327840169,68.70375107400847,0.0,0.0,0.00973305050335238,0.0,4535.329217609834
121.79399871826172,122.95700073242188,121.11799621582033,121.98699951171876,23638000,120.09140014648438,115.42519989013672,68.33002848187823,0.0,0.0,-0.0008532043512671228,-0.0,4535.329217609834
123.96600341796876,124.25599670410156,121.98799896240234,122.072998046875,23594000,120.56780014038085,116.0896001180013,71.78216800115692,0.0,0.0,0.017833429582449378,0.0,4535.329217609834
125.052001953125,126.28099822998048,123.72899627685548,124.05999755859376,28172000,121.12670059204102,116.75936686197916,73.34656514331118,0.0,0.0,0.008760454521508088,0.0,4535.329217609834
124.14700317382812,126.0,123.55500030517578,125.94100189208984,25570000,121.66170120239258,117.24136708577474,69.87025026930496,0.0,0.0,-0.00723697953780944,-0.0,4535.329217609834
122.4459991455078,123.88800048828124,122.15699768066406,123.88800048828124,24031000,122.05240097045899,117.65113372802735,63.75395440043994,0.0,0.0,-0.013701531127083388,-0.0,4535.329217609834
120.36199951171876,122.7519989013672,118.06099700927734,122.7519989013672,44544000,121.97290115356445,117.96193364461263,57.15292552834204,0.0,0.0,-0.017019744608499088,-0.0,4535.329217609834
121.98799896240234,122.8290023803711,119.60099792480467,120.26000213623048,23823000,122.08620071411133,118.27606684366862,60.58221510645892,0.0,0.0,0.013509242595502569,0.0,4535.329217609834
121.50299835205078,123.0,121.1959991455078,122.25900268554688,20846000,122.3879005432129,118.55376688639323,59.06373036574019,0.0,0.0,-0.003975805935639953,-0.0,4535.329217609834
121.21499633789062,122.06199645996094,120.18900299072266,120.65899658203124,22103000,122.43710021972656,118.81603342692057,58.13194040645552,0.0,0.0,-0.002370328453341397,-0.0,4535.329217609834
122.53500366210938,122.625,121.22000122070312,121.22000122070312,21128000,122.50080032348633,119.04556681315104,61.15662187365193,0.0,0.0,0.010889802121011316,0.0,4535.329217609834
122.06700134277344,123.23600006103516,121.60900115966795,121.99500274658205,18921000,122.5281005859375,119.3342669169108,59.51497621016359,0.0,0.0,-0.0038193357436577813,-0.0,4535.329217609834
122.22899627685548,124.1999969482422,122.0500030517578,122.9990005493164,22810000,122.35439987182617,119.61626688639323,59.916068540917806,0.0,0.0,0.0013270984975468636,0.0,4535.329217609834
123.14099884033205,124.8499984741211,122.43499755859376,123.44499969482422,53482000,122.16329956054688,119.86960016886393,62.18732744046117,0.0,0.0,0.007461425613042083,0.0,4535.329217609834
125.35399627685548,125.48400115966795,121.5009994506836,123.8030014038086,26673000,122.28399887084962,120.23330001831054,67.06412836559599,0.0,0.0,0.017971248060062228,0.0,4535.329217609834
127.91100311279295,128.2570037841797,125.5,126.05500030517578,26633000,122.83049926757812,120.6962666829427,71.61886323566745,0.0,0.0,0.020398287345304134,0.0,4535.329217609834
127.5250015258789,129.8000030517578,127.38099670410156,128.6840057373047,21465000,123.54679946899414,121.24710006713867,70.04412795482503,0.0,0.0,-0.003017735593658588,-0.0,4535.329217609834
130.66700744628906,130.73399353027344,128.0,128.0,26059000,124.41470031738281,121.80786692301432,74.88492809408783,0.0,0.0,0.024638352345148107,0.0,4535.329217609834
132.31199645996094,133.13499450683594,130.10000610351562,130.68800354003906,40709000,125.49560012817383,122.38163350423177,76.98213336754262,0.0,0.0,0.012589168802599637,0.0,4535.329217609834
133.91299438476562,134.11500549316406,132.12100219726562,133.10000610351562,32829000,126.76539993286133,122.91880009969076,78.83458059421864,0.0,0.0,0.01210017207539571,0.0,4535.329217609834
129.36000061035156,133.8769989013672,128.2220001220703,133.822998046875,49936000,127.44789962768554,123.25903345743815,63.24605076866964,0.0,0.0,-0.0339996412994259,-0.0,4535.329217609834
128.48599243164062,129.9949951171875,127.15899658203124,129.6959991455078,30488000,128.08979873657228,123.56976648966472,60.76220268927463,0.0,0.0,-0.006756402091737446,-0.0,4535.329217609834
129.71800231933594,130.2259979248047,127.97599792480467,129.1999969482422,20062000,128.8386993408203,123.92029978434245,62.969853721747825,0.0,0.0,0.00958867083001902,0.0,4535.329217609834
128.96200561523438,129.5,127.60199737548828,129.5,22737000,129.42080001831056,124.23693339029948,60.712526577125836,0.0,0.0,-0.005828001438385355,-0.0,4535.329217609834
127.53099822998048,129.3249969482422,126.0,129.08999633789062,32925000,129.63850021362305,124.52806676228842,56.57808623877063,0.0,0.0,-0.01109634871470122,-0.0,4535.329217609834
128.8280029296875,128.82899475097656,126.6240005493164,127.39900207519533,23845000,129.7302001953125,124.8710334777832,59.28443198500719,0.0,0.0,0.01017011328781492,0.0,4535.329217609834
125.05899810791016,128.9600067138672,124.60099792480467,128.5500030517578,42308000,129.4835998535156,125.0011001586914,49.60836141423707,1.0,0.0,-0.029256099109402633,-0.0,4535.329217609834
124.51100158691406,126.0999984741211,123.12999725341795,125.97899627685548,39572000,128.8679992675781,125.12296676635742,48.372158889072935,1.0,1.0,-0.004381903975619883,-0.004381903975619883,4515.455840480444
126.19499969482422,127.04900360107422,124.0,124.49099731445312,27810000,128.25629959106445,125.37993342081705,52.30541561461688,1.0,1.0,0.013524894077208582,0.013524894077208582,4576.526902433255
126.0270004272461,127.12200164794922,124.3239974975586,126.1999969482422,28017000,127.4677001953125,125.55673344930013,51.880771385542005,1.0,1.0,-0.0013312672291643235,-0.0013312672291643235,4570.434322144657
125.03099822998048,127.0999984741211,124.98200225830078,126.1709976196289,32270000,127.03479995727541,125.66116663614909,49.32409765282455,1.0,1.0,-0.007903085798194431,-0.007903085798194431,4534.313787561735
127.41699981689452,127.75,124.4800033569336,125.3000030517578,64699000,126.92790069580079,125.84860000610351,55.040064244699494,1.0,1.0,0.019083280312017115,0.019083280312017115,4620.84336859242
120.92400360107422,124.6500015258789,120.10099792480467,124.1959991455078,106933000,126.0485008239746,125.74720001220703,41.36616072667264,1.0,1.0,-0.05095863366074471,-0.05095863366074471,4385.371504168637
123.3270034790039,123.70999908447266,119.8000030517578,120.5999984741211,56276000,125.48500061035156,125.68970006306967,46.6488010833898,0.0,1.0,0.019871984108772445,0.019871984108772445,4472.51753701054
119.00800323486328,123.23699951171876,118.75,123.03800201416016,50630000,124.63270111083985,125.51840006510416,39.72179265648912,0.0,0.0,-0.035020718271776774,-0.0,4472.51753701054
117.6780014038086,119.26200103759766,117.36000061035156,118.9810028076172,45043000,123.51770095825195,125.35946680704753,37.857513233833394,0.0,0.0,-0.011175734361578371,-0.0,4472.51753701054
118.07599639892578,118.3499984741211,116.26599884033205,117.77999877929688,38456000,122.81940078735352,125.28326670328777,38.78340745442491,0.0,0.0,0.003382067934273314,0.0,4472.51753701054
118.04900360107422,118.73200225830078,117.43800354003906,117.84200286865234,26293000,122.17320098876954,125.15196685791015,38.74124738478105,0.0,0.0,-0.0002286052938343941,-0.0,4472.51753701054
117.45999908447266,119.77899932861328,116.85299682617188,118.12000274658205,34470000,121.29970092773438,125.01720021565755,37.77624248098939,0.0,0.0,-0.004989491640200572,-0.0,4472.51753701054
116.8740005493164,117.95999908447266,116.3290023803711,117.9000015258789,27525000,120.3844009399414,124.87250035603842,36.79427135934989,0.0,0.0,-0.004988919970404737,-0.0,4472.51753701054
118.41999816894533,118.48500061035156,116.61000061035156,116.8550033569336,29227000,119.72330093383789,124.73533350626627,41.14125429535301,0.0,0.0,0.013227900237543055,0.0,4472.51753701054
115.94000244140624,119.0,115.77400207519533,118.4800033569336,37129000,118.57560119628906,124.53110020955404,36.77228578151628,0.0,0.0,-0.020942372621902683,-0.0,4472.51753701054
115.86000061035156,117.85099792480467,115.28500366210938,116.3010025024414,38910000,118.0692008972168,124.31880035400391,36.637123215027394,0.0,0.0,-0.0006900278538040094,-0.0,4472.51753701054
117.0989990234375,117.6999969482422,116.26200103759766,116.76499938964844,22447000,117.44640045166015,124.11740036010742,40.297166747096156,0.0,0.0,0.010693927210071452,0.0,4472.51753701054
114.78700256347656,117.1709976196289,114.47100067138672,117.0999984741211,26607000,117.02430038452148,123.76516723632812,36.10602680327703,0.0,0.0,-0.019743947251830818,-0.0,4472.51753701054
117.8479995727539,118.13800048828124,115.18699645996094,115.35199737548828,33622000,117.04130020141602,123.42973378499349,44.35738773556854,0.0,0.0,0.026666756173763018,0.0,4472.51753701054
118.03700256347656,119.12200164794922,116.81999969482422,118.1760025024414,26283000,117.03740081787109,123.11346715291342,44.83113876137302,0.0,0.0,0.0016037861602051784,0.0,4472.51753701054
121.16400146484376,121.41100311279295,118.03700256347656,118.31900024414062,38167000,117.34890060424804,122.79670028686523,52.097900732030496,0.0,0.0,0.02649168339975083,0.0,4472.51753701054
121.83100128173828,122.30699920654295,120.19300079345705,121.4010009765625,24556000,117.7860008239746,122.44733378092448,53.50472045308687,0.0,0.0,0.00550493388160378,0.0,4472.51753701054
122.52799987792967,123.1989974975586,120.6510009765625,122.5,22788000,118.35140075683594,122.06783396402994,54.992238312473425,0.0,0.0,0.0057210282182575956,0.0,4472.51753701054
120.44400024414062,123.71199798583984,120.3000030517578,123.4000015258789,27624000,118.55380096435547,121.77063395182292,49.856257222530665,0.0,0.0,-0.01700835430159031,-0.0,4472.51753701054
123.05599975585938,124.40899658203124,120.7030029296875,120.98899841308594,39047000,119.26540069580078,121.58963419596354,55.46979730118416,0.0,0.0,0.021686422789215065,0.0,4472.51753701054
123.8949966430664,124.69400024414062,122.78800201416016,123.40399932861328,27678000,120.06890029907227,121.39553400675456,57.12994255321401,0.0,0.0,0.006818008783574747,0.0,4472.51753701054
124.50900268554688,125.11599731445312,123.54499816894533,123.56300354003906,21111000,120.80990066528321,121.24710057576497,58.353616431550776,0.0,0.0,0.004955858259953594,0.0,4472.51753701054
121.41500091552734,124.0999984741211,119.27899932861328,124.0199966430664,37077000,121.47270050048829,121.04323399861654,50.527098577050374,1.0,0.0,-0.02484962294520643,-0.0,4472.51753701054
121.38600158691406,122.3000030517578,119.33100128173828,121.8000030517578,24344000,121.8265007019043,120.79516728719075,50.45878772769963,1.0,1.0,-0.00023884469295076816,-0.00023884469295076816,4471.449299932696
120.62100219726562,122.13999938964844,119.76399993896484,121.14299774169922,20472000,122.0849006652832,120.64723409016928,48.59244290405382,1.0,1.0,-0.006302204369922237,-0.006302204369922237,4443.269312614774
120.46499633789062,121.36199951171876,119.822998046875,120.88800048828124,31281000,122.01500015258789,120.51236724853516,48.20090414161085,1.0,1.0,-0.0012933556887536612,-0.0012933556887536612,4437.522584972639
121.80699920654295,123.37999725341795,119.9000015258789,120.16500091552734,28120000,122.01259994506833,120.36610056559245,51.79889644157982,1.0,1.0,0.011140189345028917,0.011140189345028917,4486.957426792077
122.60900115966795,123.1500015258789,121.22000122070312,122.02100372314452,19857000,122.02070007324218,120.25216725667318,53.861465558606966,1.0,1.0,0.006584202536383588,0.006584202536383588,4516.500463262207
122.3499984741211,122.9209976196289,121.3000030517578,122.36100006103516,16645000,122.21129989624023,120.16280059814453,53.07164648895604,1.0,1.0,-0.002112427987318588,-0.002112427987318588,4506.959681278874
123.1449966430664,123.78900146484376,121.427001953125,122.27899932861328,19503000,122.22019958496094,120.02040049235026,55.24121935240716,1.0,1.0,0.006497737465141595,0.006497737465141595,4536.244722053802
120.8249969482422,122.87899780273438,120.11499786376952,122.7969970703125,32098000,121.91319961547852,120.0171002705892,48.233253692805505,1.0,1.0,-0.018839577393052198,-0.018839577393052198,4450.783788538845
121.41100311279295,121.54000091552734,118.27999877929688,119.6999969482422,23033000,121.60339965820313,119.95323359171549,49.96006308641261,1.0,1.0,0.004850040797450106,0.004850040797450106,4472.370271493888
122.61799621582033,122.6999969482422,120.33799743652344,120.51399993896484,24715000,121.72369918823242,120.07356669108073,53.407503746405126,1.0,1.0,0.009941381522941883,0.009941381522941883,4516.831810674672
125.7480010986328,125.7480010986328,122.30899810791016,122.31999969482422,30235000,122.1598991394043,120.3425666809082,60.9254460013025,1.0,1.0,0.02552647229125604,0.02552647229125604,4632.130592734123
124.38200378417967,126.70999908447266,123.9020004272461,126.0,23797000,122.5359992980957,120.55276692708334,56.630819802739154,1.0,1.0,-0.010862974381451007,-0.010862974381451007,4581.811876773717
124.47599792480467,125.2040023803711,123.1999969482422,124.85399627685548,19151000,122.93709945678711,120.76700007120768,56.85618188555535,1.0,1.0,0.0007556892296742834,0.0007556892296742834,4585.274302661388
126.3249969482422,126.5719985961914,124.66699981689452,124.66699981689452,22197000,123.38889923095704,121.0625,61.13460120723697,1.0,1.0,0.014854261498305155,0.014854261498305155,4653.385166194579
124.77100372314452,126.6999969482422,124.63600158691406,126.39700317382812,27010000,123.60509948730468,121.3257334391276,56.09936510525048,1.0,1.0,-0.012301549674561874,-0.012301549674561874,4596.141317417767
120.3499984741211,125.34500122070312,119.1999969482422,125.0999984741211,56823000,123.40509948730468,121.39006678263347,44.79556711114965,1.0,1.0,-0.03543295410873848,-0.03543295410873848,4433.286453040427
118.84400177001952,121.1780014038086,118.23999786376952,120.30599975585938,37849000,122.975,121.4868667602539,41.712253044525454,1.0,1.0,-0.012513475057711831,-0.012513475057711831,4377.810633586614
120.22599792480467,120.7239990234375,117.3209991455078,118.83999633789062,29093000,122.91510009765625,121.63240000406901,45.42458872050564,1.0,1.0,0.011628657182543467,0.011628657182543467,4428.7186926546865
120.0510025024414,120.9000015258789,119.72799682617188,120.56400299072266,24047000,122.77910003662109,121.73080012003581,45.03346882479757,1.0,1.0,-0.0014555539183190858,-0.0014555539183190858,4422.272453808459
122.8499984741211,123.39299774169922,120.66100311279295,122.10199737548828,34598000,122.80230026245117,121.99956665039062,52.13279660124744,1.0,1.0,0.023315057045215193,0.023315057045215193,4525.377988338488
120.77799987792967,123.3000030517578,120.5500030517578,122.08200073242188,31691000,122.30530014038087,122.09723332722982,47.26603638346088,1.0,1.0,-0.016866085648571616,-0.016866085648571616,4449.05257559501
122.6969985961914,122.99500274658205,120.80999755859376,121.86199951171876,49476000,122.13679962158203,122.25256652832032,51.75788562529067,0.0,1.0,0.01588864462237538,0.01588864462237538,4519.741990874903
122.73699951171876,122.97599792480467,121.42400360107422,122.19000244140624,25468000,121.96289978027343,122.30499979654948,51.84995419391841,0.0,0.0,0.00032601380624641685,0.0,4519.741990874903
121.84700012207033,122.77899932861328,120.84700012207033,122.73300170898438,24991000,121.51510009765624,122.30553309122722,49.582602766038775,0.0,0.0,-0.007251272177005275,-0.0,4519.741990874903
120.3949966430664,122.1500015258789,119.41999816894533,121.86100006103516,27731000,121.07749938964844,122.23443298339843,46.04495078751582,0.0,0.0,-0.011916612452906206,-0.0,4519.741990874903
120.8239974975586,121.68399810791016,119.1510009765625,120.30899810791016,19978000,121.1248992919922,122.24709955851237,47.24263969409142,0.0,0.0,0.003563278096713862,0.0,4519.741990874903
121.06099700927734,121.4000015258789,120.0,120.54199981689452,19450000,121.34659881591797,122.18059946695963,47.93029535982546,0.0,0.0,0.0019615268210566583,0.0,4519.741990874903
120.64099884033205,122.4489974975586,118.75399780273438,120.5,30332000,121.3880989074707,122.07213287353515,46.766942204458324,0.0,0.0,-0.003469310342067544,-0.0,4519.741990874903
119.89199829101562,120.8499984741211,117.8000030517578,120.64099884033205,38303000,121.37219848632813,121.91823272705078,44.68401964587926,0.0,0.0,-0.0062085075265972955,-0.0,4519.741990874903
117.08999633789062,117.91400146484376,116.3209991455078,117.54900360107422,41102000,120.79619827270508,121.77406590779623,37.88598050539096,0.0,0.0,-0.023371050554380268,-0.0,4519.741990874903
116.25299835205078,116.33300018310548,113.4000015258789,116.1500015258789,46855000,120.34369812011718,121.60296579996745,36.118317004197216,0.0,0.0,-0.007148330446817064,-0.0,4519.741990874903
115.33200073242188,116.8000030517578,114.3219985961914,116.5,31374000,119.60719833374023,121.42666575113932,34.22599134769702,0.0,0.0,-0.007922355833264949,-0.0,4519.741990874903
116.33100128173828,116.35800170898438,114.54499816894533,116.03700256347656,29686000,118.96659851074219,121.28886591593424,38.01928823066627,0.0,0.0,0.008661954557037,0.0,4519.741990874903
119.1060028076172,120.13700103759766,117.74600219726562,117.77899932861328,33091000,118.69249877929687,121.19883270263672,47.138981513178294,0.0,0.0,0.02385435950265946,0.0,4519.741990874903
121.4250030517578,121.73899841308594,119.1999969482422,119.71099853515624,28514000,118.79549942016601,121.15936609903972,53.320210258801325,0.0,0.0,0.019470053477374183,0.0,4519.741990874903
123.10700225830078,123.75,121.18199920654295,121.4250030517578,28241000,119.02379989624023,121.18459955851237,57.22698877140422,0.0,0.0,0.013852165240020753,0.0,4519.741990874903
122.00800323486328,124.6999969482422,121.91000366210938,122.9000015258789,42798000,119.11850051879883,121.14669977823893,54.04428735785362,0.0,0.0,-0.008927185320714792,-0.0,4519.741990874903
121.90299987792967,123.11199951171876,120.68099975585938,122.13500213623048,24608000,119.2447006225586,121.18263320922851,53.73677880980349,0.0,0.0,-0.0008606267961903669,-0.0,4519.741990874903
121.53500366210938,122.4290008544922,120.30999755859376,121.4749984741211,23624000,119.40900115966797,121.1867665608724,52.60704491798025,0.0,0.0,-0.00301876259147682,-0.0,4519.741990874903
120.3290023803711,121.96199798583984,120.16100311279295,121.3010025024414,20252000,119.73290176391602,121.11046676635742,48.97331121568104,0.0,0.0,-0.009923077676380343,-0.0,4519.741990874903
118.35900115966795,121.6709976196289,117.5999984741211,121.21499633789062,28326000,119.94350204467773,120.86416676839193,43.667291552963654,0.0,0.0,-0.016371790522086926,-0.0,4519.741990874903
119.93599700927734,120.31199645996094,117.8949966430664,118.36000061035156,29571000,120.40390167236328,120.71596654256184,48.47943679176993,0.0,0.0,0.013323835400418815,0.0,4519.741990874903
123.8560028076172,124.7760009765625,120.69000244140624,120.78800201416016,39862000,121.15640182495117,120.6953000386556,58.0681972756523,0.0,0.0,0.032684147345993564,0.0,4519.741990874903
124.13500213623048,124.86000061035156,123.1760025024414,124.28299713134766,65082000,121.6593017578125,120.62230021158854,58.6579567651264,0.0,0.0,0.0022526104693256777,0.0,4519.741990874903
111.63700103759766,115.76000213623048,111.2509994506836,114.29000091552734,147890000,120.68050155639648,120.18450012207032,34.94653457443563,1.0,0.0,-0.10068071763447539,-0.0,4519.741990874903
111.35900115966795,112.78299713134766,109.9729995727539,112.69000244140624,68497000,119.50570144653321,119.88480021158854,34.61138522293399,0.0,1.0,-0.002490212701397043,-0.002490212701397043,4508.486871962189
109.46900177001952,111.45099639892578,109.44100189208984,111.0999984741211,60280000,118.25180130004883,119.57230021158854,32.34056080237585,0.0,0.0,-0.01697212950876359,-0.0,4508.486871962189
109.45600128173828,110.22799682617188,108.7300033569336,110.06700134277344,46911000,117.0071014404297,119.21330032348632,32.32485052749564,0.0,0.0,-0.00011875953987916521,-0.0,4508.486871962189
110.25,111.697998046875,109.3010025024414,109.4000015258789,40209000,115.87860107421875,118.88660024007162,34.4201751213822,0.0,0.0,0.007254044629475986,0.0,4508.486871962189
110.04100036621094,110.8550033569336,109.5999984741211,109.98400115966795,33995000,114.84980087280273,118.4596336364746,34.1207070565527,0.0,0.0,-0.0018956882883361947,-0.0,4508.486871962189
108.9000015258789,110.61599731445312,108.81099700927734,109.44000244140624,41581000,113.90390090942383,118.06370035807292,32.46030087029847,0.0,0.0,-0.010368851941865653,-0.0,4508.486871962189
111.88600158691406,113.48799896240234,110.197998046875,110.53900146484376,68665000,113.0989013671875,117.70333379109701,40.60599708055728,0.0,0.0,0.02741965123228729,0.0,4508.486871962189
110.00900268554688,113.3499984741211,107.51499938964844,113.3239974975586,58634000,111.71420135498047,117.27906723022461,37.54097553922315,0.0,0.0,-0.01677599408992303,-0.0,4508.486871962189
109.2959976196289,110.45999908447266,108.66799926757812,109.9990005493164,38718000,110.23030090332031,116.86070048014322,36.41648788572268,0.0,0.0,-0.0064813337864360054,-0.0,4508.486871962189
109.84600067138672,110.08499908447266,107.33699798583984,108.5,35539000,110.05120086669922,116.50906728108724,37.96023600499044,0.0,0.0,0.0050322341507136326,0.0,4508.486871962189
109.7020034790039,110.37000274658205,108.51300048828124,109.45800018310548,36532000,109.88550109863282,116.13833414713541,37.70214575098381,0.0,0.0,-0.0013109006381906152,-0.0,4508.486871962189
110.36599731445312,110.8219985961914,108.75,109.41799926757812,44125000,109.97520065307617,115.78183415730794,39.73679536372538,0.0,0.0,0.006052704730924008,0.0,4508.486871962189
112.00700378417967,112.81999969482422,110.40499877929688,110.6719970703125,36929000,110.23030090332031,115.49403432210286,44.55627216384762,0.0,0.0,0.014868768548804256,0.0,4508.486871962189
113.6439971923828,113.9219970703125,111.27999877929688,111.76000213623048,27966000,110.5697006225586,115.2857676188151,48.94284740591772,0.0,0.0,0.014615098635772483,0.0,4508.486871962189
115.75,116.43399810791016,112.82599639892578,113.81700134277344,39221000,111.1406005859375,115.24110107421875,53.9866042748569,0.0,0.0,0.018531579842726353,0.0,4508.486871962189
115.4229965209961,116.73300170898438,114.56900024414062,115.8499984741211,40144000,111.79290008544922,115.21343434651693,53.10930795889732,0.0,0.0,-0.002825084051869653,-0.0,4508.486871962189
111.21700286865234,114.27300262451172,110.72100067138672,114.27300262451172,47607000,111.72600021362305,115.07626775105794,43.351260114620324,0.0,0.0,-0.03643982377098187,-0.0,4508.486871962189
110.29000091552734,111.8499984741211,109.5500030517578,110.75,26082700,111.7541000366211,114.87490107218424,41.53970149510152,0.0,0.0,-0.008335074037373547,-0.0,4508.486871962189
114.08999633789062,115.25,109.1999969482422,110.29000091552734,43440600,112.23349990844727,114.7077008565267,50.64455292946119,0.0,0.0,0.03445457784766681,0.0,4508.486871962189
110.0,113.33999633789062,108.61000061035156,113.0,31868100,112.2488998413086,114.3268674214681,42.90004072246384,0.0,0.0,-0.035848860278491324,-0.0,4508.486871962189
105.66999816894533,111.0999984741211,105.38999938964844,111.0,36918500,111.84569931030273,113.74563395182291,36.53101615654801,0.0,0.0,-0.039363653009587884,-0.0,4508.486871962189
104.30999755859376,106.52999877929688,103.80999755859376,105.12999725341795,41232700,111.2400993347168,113.1557004292806,34.78425459164259,0.0,0.0,-0.01287026245781886,-0.0,4508.486871962189
106.97000122070312,108.04000091552734,103.31999969482422,104.25,62918300,110.73639907836915,112.65793380737304,40.751539319695894,0.0,0.0,0.02550094645161094,0.0,4508.486871962189
104.4000015258789,106.3000030517578,103.81999969482422,106.12000274658205,35122600,109.81199951171875,112.08676706949869,37.209051109030206,0.0,0.0,-0.02402542456292711,-0.0,4508.486871962189
106.13999938964844,106.9499969482422,105.22000122070312,105.73999786376952,27951000,108.85099945068359,111.61380030314128,40.95164355051896,0.0,0.0,0.01666664596109424,0.0,4508.486871962189
107.58000183105467,107.94000244140624,106.23999786376952,106.44000244140624,15021600,108.06669998168945,111.25450032552084,43.93018605338491,0.0,0.0,0.013567010078074926,0.0,4508.486871962189
109.12999725341795,109.33999633789062,106.30999755859376,106.51000213623048,24873400,107.85799942016601,110.89430033365885,47.027588266115814,0.0,0.0,0.01440783970981352,0.0,4508.486871962189
109.3499984741211,109.7300033569336,107.5199966430664,109.20999908447266,25763000,107.7639991760254,110.41076685587565,47.47114156173284,0.0,0.0,0.0020159555231387127,0.0,4508.486871962189
103.95999908447266,106.87000274658205,102.02999877929688,106.58999633789062,53593400,106.7509994506836,109.73826675415039,38.88130004856249,0.0,0.0,-0.049291261681398524,-0.0,4508.486871962189
103.22000122070312,103.8000030517578,101.7699966430664,103.56999969482422,51779100,106.0729995727539,109.45770009358723,37.86819037865945,0.0,0.0,-0.007118101868856752,-0.0,4508.486871962189
100.23999786376952,104.79000091552734,97.73999786376952,98.77999877929688,133363600,105.52999954223633,109.08706665039062,34.02346603511397,0.0,0.0,-0.028870406139230864,-0.0,4508.486871962189
96.79000091552734,99.88999938964844,95.3000030517578,99.87000274658205,100906300,104.77799987792969,108.66443328857422,30.20057039784986,0.0,0.0,-0.03441736853317645,-0.0,4508.486871962189
96.70999908447266,97.23999786376952,95.4499969482422,97.02999877929688,51745600,103.75199966430664,108.23956654866537,30.116066249023874,0.0,0.0,-0.0008265505764847303,-0.0,4508.486871962189
92.70999908447266,96.97000122070312,92.3499984741211,96.73999786376952,74129300,102.58299942016602,107.65489985148112,26.1727864385618,0.0,0.0,-0.04136076970186031,-0.0,4508.486871962189
94.08999633789062,94.81999969482422,92.76000213623048,93.9000015258789,43949000,101.37799911499023,107.12319971720378,29.597696223157556,0.0,0.0,0.014885096182134516,0.0,4508.486871962189
95.19000244140624,96.91999816894533,94.6500015258789,95.5,49323100,100.1389991760254,106.66619974772135,32.293955530858454,0.0,0.0,0.011690999535862723,0.0,4508.486871962189
93.7699966430664,96.37000274658205,93.52999877929688,96.0199966430664,40016500,98.60299911499024,106.06233291625976,30.661476693834928,0.0,0.0,-0.01491759388507119,-0.0,4508.486871962189
94.56999969482422,94.93000030517578,93.31999969482422,93.87999725341795,34265000,97.12499923706055,105.54769948323568,32.724801106748245,0.0,0.0,0.008531546127734213,0.0,4508.486871962189
94.79000091552734,97.33000183105467,94.45999908447266,95.9800033569336,50472800,96.20799942016602,105.06416625976563,33.31250083510794,0.0,0.0,0.002326332044126689,0.0,4508.486871962189
94.0,95.80999755859376,93.58999633789062,95.0199966430664,37244700,95.2859992980957,104.53596623738606,32.22390697100025,0.0,0.0,-0.008334222047654105,-0.0,4508.486871962189
94.38999938964844,95.54000091552734,93.4499969482422,93.56999969482422,78990200,94.7009994506836,104.02556610107422,33.381286777626656,0.0,0.0,0.004148929677111113,0.0,4508.486871962189
93.2300033569336,94.70999908447266,92.91000366210938,94.70999908447266,39484800,94.34499969482422,103.45436630249023,31.6500705554121,0.0,0.0,-0.012289395489095245,-0.0,4508.486871962189
93.5,93.80999755859376,91.33000183105467,93.4000015258789,25896200,94.02399978637695,102.83746617635092,32.52719965291355,0.0,0.0,0.0028960273875859865,0.0,4508.486871962189
93.63999938964844,93.68000030517578,92.66999816894533,93.11000061035156,12427900,94.11699981689453,102.1706662495931,33.00727077212646,0.0,0.0,0.0014973196753844675,0.0,4508.486871962189
94.47000122070312,94.69000244140624,93.2699966430664,93.4800033569336,22068300,94.15500030517578,101.46133295694987,35.918312148261606,0.0,0.0,0.008863753059212831,0.0,4508.486871962189
94.1500015258789,94.97000122070312,93.62999725341795,93.98999786376952,24493700,94.05100021362304,100.75223312377929,35.281771290792875,0.0,0.0,-0.003387315451352957,-0.0,4508.486871962189
93.77999877929688,93.98999786376952,93.33999633789062,93.5199966430664,23422000,94.0520004272461,100.17099965413412,34.52000580502697,0.0,0.0,-0.003929928205899436,-0.0,4508.486871962189
93.76000213623048,94.30999755859376,93.1999969482422,93.5999984741211,23495200,93.97100067138672,99.61999969482422,34.47668134124787,0.0,0.0,-0.00021322929544342895,-0.0,4508.486871962189
90.98999786376952,94.12999725341795,90.80999755859376,94.12999725341795,41155400,93.59100036621093,98.84999974568684,29.039651001259614,0.0,0.0,-0.029543560253296852,-0.0,4508.486871962189
91.45999908447266,92.62999725341795,90.83999633789062,90.91999816894533,39183300,93.33700027465821,98.23199971516927,31.02719797512816,0.0,0.0,0.005165416328581918,0.0,4508.486871962189
90.6500015258789,91.63999938964844,89.73999786376953,91.54000091552734,43331000,92.96300048828125,97.7313331604004,29.493978169707148,0.0,0.0,-0.008856304031291673,-0.0,4508.486871962189
90.7300033569336,92.41999816894533,90.05999755859375,91.55999755859376,36525700,92.71300048828125,97.27866668701172,29.86262649292979,0.0,0.0,0.0008825353525432345,0.0,4508.486871962189
90.52999877929688,91.25,89.58000183105469,90.4499969482422,40068700,92.41600036621094,96.73066660563151,29.44808519327242,0.0,0.0,-0.0022043929266694073,-0.0,4508.486871962189
89.45999908447266,90.05000305175781,88.31999969482422,90.02999877929688,55579500,91.99800033569336,96.2326665242513,27.267311855070858,0.0,0.0,-0.011819283212769816,-0.0,4508.486871962189
89.41000366210938,90.33999633789062,89.33000183105469,89.69000244140625,36290600,91.49200057983398,95.675,27.1660812727944,0.0,0.0,-0.0005588578456844351,-0.0,4508.486871962189
90.31999969482422,91.1500015258789,89.06999969482422,89.44000244140625,45221100,91.10900039672852,95.09966659545898,32.106794683424596,0.0,0.0,0.010177787668523397,0.0,4508.486871962189
88.55000305175781,91.58000183105467,87.94999694824219,91.23999786376952,49737700,90.58600082397462,94.41366678873698,28.112234410655645,0.0,0.0,-0.019596951384487582,-0.0,4508.486871962189
88.05000305175781,89.88999938964844,87.81999969482422,89.0199966430664,36945100,90.01500091552734,93.70366694132487,27.087018182652002,0.0,0.0,-0.0056465271910577375,-0.0,4508.486871962189
88.0,88.51000213623047,87.77999877929688,88.33999633789062,48130500,89.71600112915038,93.17166697184244,26.981046437673655,0.0,0.0,-0.0005678938106159492,-0.0,4508.486871962189
87.26000213623047,89.9000015258789,87.0199966430664,88.97000122070312,109729700,89.29600143432617,92.63966700236003,25.39747360443029,0.0,0.0,-0.008409066633744633,-0.0,4508.486871962189
85.36000061035156,86.0,81.93000030517578,82.5199966430664,127940700,88.76700134277344,92.14366709391275,21.851266931555898,0.0,0.0,-0.02177402566312825,-0.0,4508.486871962189
83.54000091552734,85.0999984741211,82.9800033569336,85.0199966430664,69113300,88.04800109863281,91.70200042724609,19.100131716124253,0.0,0.0,-0.021321458315494812,-0.0,4508.486871962189
86.12000274658203,86.30000305175781,83.27999877929688,83.43000030517578,64520400,87.60700149536133,91.3490005493164,32.14275421668435,0.0,0.0,0.03088343072516242,0.0,4508.486871962189
85.69999694824219,86.94000244140625,85.3499984741211,86.91999816894531,40941900,87.23100128173829,91.11533381144206,31.259236165990075,0.0,0.0,-0.004876983104328936,-0.0,4508.486871962189
85.58000183105469,85.5999984741211,83.87999725341797,85.27999877929688,37790800,86.8480010986328,90.83166732788087,30.997088369043595,0.0,0.0,-0.0014001764464468547,-0.0,4508.486871962189
84.63999938964844,86.47000122070312,84.30000305175781,85.62999725341797,37762600,86.28000106811524,90.48000055948893,28.948987595490053,0.0,0.0,-0.010983903029844866,-0.0,4508.486871962189
83.16000366210938,84.37999725341797,82.3499984741211,84.30999755859375,42278100,85.74100112915039,90.12633412679037,26.03248594680788,0.0,0.0,-0.017485771954295015,-0.0,4508.486871962189
83.48999786376953,84.05999755859375,82.77999877929688,83.0999984741211,45755000,85.28500061035156,89.75700073242187,27.779592180320435,0.0,0.0,0.003968184068401159,0.0,4508.486871962189
82.76000213623047,85.2699966430664,82.72000122070312,83.52999877929688,41445300,84.76100082397461,89.35600077311197,26.29970741271252,0.0,0.0,-0.008743511153637806,-0.0,4508.486871962189
79.94000244140625,82.44999694824219,79.62000274658203,82.2300033569336,49789000,84.02900085449218,88.88733418782552,21.528491587023964,0.0,0.0,-0.03407442752577805,-0.0,4508.486871962189
80.16000366210938,81.44000244140625,79.2300033569336,79.98999786376953,48963200,83.50900115966797,88.41300099690756,22.706589344751976,0.0,0.0,0.002752079234227933,0.0,4508.486871962189
80.87000274658203,83.30000305175781,80.54000091552734,81.48999786376953,54805700,83.24200134277343,88.0010009765625,26.53959976756815,0.0,0.0,0.00885727360324795,0.0,4508.486871962189
82.19999694824219,82.48999786376953,80.6500015258789,81.0199966430664,46154100,82.85000076293946,87.62433420817057,33.22025314876531,0.0,0.0,0.016446075880915734,0.0,4508.486871962189
81.47000122070312,82.20999908447266,79.87000274658203,82.18000030517578,42200200,82.42700119018555,87.21866760253906,31.525587256591976,0.0,0.0,-0.00888072694210329,-0.0,4508.486871962189
82.20999908447266,84.66000366210938,82.08999633789062,82.72000122070312,43595800,82.09000091552734,86.81000086466472,35.137755381341265,0.0,0.0,0.009083071715745739,0.0,4508.486871962189
79.62000274658203,82.4800033569336,79.44999694824219,81.95999908447266,40840300,81.5880012512207,86.32566757202149,29.309915922579734,0.0,0.0,-0.0315046389336332,-0.0,4508.486871962189
75.86000061035156,79.1500015258789,75.2300033569336,79.11000061035156,73516100,80.85800094604492,85.7283342997233,23.27471689595805,0.0,0.0,-0.047224340699886236,-0.0,4508.486871962189
76.87000274658203,77.18000030517578,75.52999877929688,76.13999938964844,42292100,80.19600143432618,85.16533432006835,27.587985814932907,0.0,0.0,0.013314027525761052,0.0,4508.486871962189
77.0,77.87000274658203,75.30000305175781,76.91999816894531,35961500,79.62000122070313,84.69900105794271,28.14787774020583,0.0,0.0,0.001691131114519795,0.0,4508.486871962189
77.98999786376953,78.31999969482422,76.27999877929688,77.31999969482422,29883100,79.42500076293945,84.2500010172526,32.43253387316378,0.0,0.0,0.012857115113890094,0.0,4508.486871962189
77.0,78.69999694824219,76.58999633789062,77.75,30139200,79.10900039672852,83.79500096638998,30.47544261011852,0.0,0.0,-0.012693908076505278,-0.0,4508.486871962189
78.66999816894531,78.8499984741211,76.4000015258789,76.61000061035156,32411300,78.88899993896484,83.39300079345703,37.343910963990815,0.0,0.0,0.02168828790838062,0.0,4508.486871962189
76.0199966430664,77.83000183105469,75.01000213623047,77.79000091552734,38363000,78.27099990844727,82.90933405558268,31.949962060783278,0.0,0.0,-0.03368503352685959,-0.0,4508.486871962189
78.04000091552734,78.12000274658203,75.20999908447266,75.7300033569336,33079100,77.9279998779297,82.52866744995117,39.16340759236706,0.0,0.0,0.026572012123933453,0.0,4508.486871962189
82.69999694824219,83.12000274658203,79.25,79.43000030517578,69319300,77.97699966430665,82.30500055948893,51.844998243342495,0.0,0.0,0.0597129161717842,0.0,4508.486871962189
84.58999633789062,86.5,82.80000305175781,83.19999694824219,85642500,78.4739990234375,82.11400044759115,55.863528656081336,0.0,0.0,0.022853681492047695,0.0,4508.486871962189
96.23999786376952,96.75,90.58000183105467,94.3000030517578,200767000,80.51199874877929,82.37033360799154,71.59733847722092,0.0,0.0,0.13772315912325528,0.0,4508.486871962189
97.08999633789062,98.06999969482422,95.1999969482422,95.26000213623048,79915400,82.53399810791015,82.67166671752929,72.37122063345171,0.0,0.0,0.008832070791650493,0.0,4508.486871962189
97.6999969482422,98.45999908447266,95.33000183105467,96.01000213623048,59149000,84.60399780273437,82.99499994913737,72.94102264846342,0.0,0.0,0.006282836887012255,0.0,4508.486871962189
98.66000366210938,99.75,96.98999786376952,97.11000061035156,52604300,86.67099838256836,83.375,73.8548864983354,0.0,0.0,0.009826066979057746,0.0,4508.486871962189
99.16999816894533,100.19000244140624,98.0999984741211,98.5,53403000,88.88799819946288,83.83533325195313,74.35047962985593,0.0,0.0,0.005169212324201533,0.0,4508.486871962189
99.0199966430664,99.87999725341795,97.4000015258789,99.33000183105467,41196300,90.922998046875,84.35133310953776,73.90673447627015,0.0,0.0,-0.0015125696142836986,-0.0,4508.486871962189
98.31999969482422,98.94000244140624,96.58000183105467,97.6999969482422,48589000,93.15299835205079,84.75799967447917,71.75452617354121,0.0,0.0,-0.007069248353597124,-0.0,4508.486871962189
96.94000244140624,98.48999786376952,96.29000091552734,97.80999755859376,41027200,95.04299850463867,85.1326665242513,67.57657623294492,0.0,0.0,-0.014035773573040644,-0.0,4508.486871962189
94.88999938964844,98.0,94.69000244140624,97.41000366210938,33962900,96.26199874877929,85.44299977620443,61.818306512908386,0.0,0.0,-0.021147132248081846,-0.0,4508.486871962189
94.30999755859376,95.4000015258789,93.87000274658205,94.86000061035156,34206900,97.2339988708496,85.7653330485026,60.25393192699274,0.0,0.0,-0.006112359940830037,-0.0,4508.486871962189
95.30999755859376,95.68000030517578,94.23999786376952,94.63999938964844,29876700,97.14099884033203,86.17033284505209,62.03767292279581,0.0,0.0,0.010603329719934607,0.0,4508.486871962189
95.1999969482422,96.0999984741211,94.36000061035156,95.58000183105467,34931800,96.95199890136719,86.56066614786783,61.70960019261148,0.0,0.0,-0.001154135066302353,-0.0,4508.486871962189
94.36000061035156,96.33999633789062,94.01000213623048,95.3000030517578,26434500,96.61799926757813,86.94733276367188,59.137745775616274,0.0,0.0,-0.008823491227077707,-0.0,4508.486871962189
94.6999969482422,95.33999633789062,93.61000061035156,94.4499969482422,27878300,96.22199859619141,87.4393325805664,59.866831553028625,0.0,0.0,0.003603182870829169,0.0,4508.486871962189
91.73999786376952,95.75,90.77999877929688,94.30999755859376,40169300,95.47899856567383,87.82533238728841,51.287222380038244,1.0,0.0,-0.03125659112840795,-0.0,4508.486871962189
91.81999969482422,91.87999725341795,90.69000244140624,91.30999755859376,61678000,94.75899887084961,88.19033228556314,51.489575237826,1.0,1.0,0.000872049628489302,0.000872049628489302,4512.418496263933
93.37999725341795,93.9800033569336,91.86000061035156,92.04000091552734,34315900,94.26499862670899,88.56299896240235,55.38171145243033,1.0,1.0,0.016989736046379766,0.016989736046379766,4589.0832954462585
90.91999816894533,93.73999786376952,90.81999969482422,92.79000091552734,28938000,93.66299819946289,88.87799886067708,48.74061660460669,1.0,1.0,-0.026343961842241193,-0.026343961842241193,4468.188660220156
92.27999877929688,92.5199966430664,91.23999786376952,91.70999908447266,29545600,93.40199813842773,89.21366551717122,52.15636828119869,1.0,1.0,0.01495821202970582,0.01495821202970582,4535.024773588456
93.31999969482422,95.86000061035156,91.01000213623048,91.5199966430664,59522000,93.30299835205078,89.67033208211264,54.64530831471678,1.0,1.0,0.011270057751243456,0.011270057751243456,4586.134764690118
93.43000030517578,95.58000183105467,92.73999786376952,94.56999969482422,44590700,93.11499862670898,90.25599873860678,54.91248138775463,1.0,1.0,0.0011787463642443097,0.0011787463642443097,4591.540654369931
92.97000122070312,94.48999786376952,92.22000122070312,92.75,32375100,92.89199905395508,90.7926653544108,53.49336842087975,1.0,1.0,-0.004923462303008996,-0.004923462303008996,4568.934377045408
96.1500015258789,96.26000213623048,93.02999877929688,93.02999877929688,54270000,93.07099914550781,91.43099873860677,60.99739540668136,1.0,1.0,0.034204584956675665,0.034204584956675665,4725.212881106534
95.5500030517578,97.1999969482422,94.26000213623048,96.47000122070312,30439300,93.15599975585937,92.01633224487304,59.06102624037996,1.0,1.0,-0.0062402336411779835,-0.0062402336411779835,4695.7264487241255
98.66000366210938,98.70999908447266,95.16999816894533,95.2699966430664,37068000,93.84800033569336,92.73833236694335,65.22353215390196,1.0,1.0,0.03254840932518799,0.03254840932518799,4848.564875256309
98.93000030517578,102.69000244140624,97.97000122070312,100.95999908447266,37029300,94.55900039672852,93.41366577148438,65.70616735604936,1.0,1.0,0.0027366372698616193,0.0027366372698616193,4861.833638599278
,,,,24186916,,,65.70616735604936,1.0,1.0,0.0,0.0,4861.833638599278
