Close,High,Low,Open,Volume,MA_short,MA_long,RSI,Signal,Buy_Trigger,Position,Returns,Strategy_Returns,Equity
438.0700073242188,458.3399963378906,435.2999877929688,457.7999877929688,85535400,464.26700286865236,445.012001953125,42.42812875927884,0.0,False,0.0,0.0,0.0,10000.0
451.6700134277344,457.5499877929688,444.5700073242188,447.989990234375,67940800,464.1240036010742,445.2660021972656,48.371381617993414,0.0,False,0.0,0.031045280151877908,0.0,10000.0
432.9599914550781,448.25,428.7799987792969,446.3800048828125,89093800,463.0220031738281,444.94560180664064,41.95465041798357,0.0,False,0.0,-0.041424095947095174,-0.0,10000.0
431.4100036621094,438.3699951171875,431.2900085449219,435.8999938964844,59828800,462.61350402832034,444.89940185546874,41.46392960638914,0.0,False,0.0,-0.0035799792672750463,-0.0,10000.0
435.7999877929688,436.8900146484375,424.3699951171875,427.8900146484375,57041100,462.145002746582,444.56700134277344,43.480314623145794,0.0,False,0.0,0.01017589785492734,0.0,10000.0
445.010009765625,449.0499877929688,430.3900146484375,435.9500122070313,67331500,461.82300262451173,444.2562017822266,47.56146717457722,0.0,False,0.0,0.02113359850994656,0.0,10000.0
448.9599914550781,454.2999877929688,438.0,441.2300109863281,61649600,461.92650146484374,444.0052014160156,49.253875198963996,0.0,False,0.0,0.00887616368794375,0.0,10000.0
447.2000122070313,451.80999755859375,443.9500122070313,450.2000122070313,53719200,461.33850250244143,444.14720153808594,48.50274025354508,0.0,False,0.0,-0.003920124914344236,-0.0,10000.0
439.2000122070313,443.9100036621094,434.2200012207031,442.80999755859375,57259500,459.53300323486326,443.8000018310547,45.13341540853705,0.0,False,0.0,-0.017889087168218576,-0.0,10000.0
438.5700073242188,445.3599853515625,437.6499938964844,441.1300048828125,49465800,456.9675033569336,443.2040020751953,44.869075738101174,0.0,False,0.0,-0.0014344373071545347,-0.0,10000.0
437.5,447.25,435.260009765625,439.5,60220600,455.47950286865233,443.0688018798828,44.39350936208571,0.0,False,0.0,-0.0024397640202235005,-0.0,10000.0
419.25,430.7300109863281,417.4400024414063,429.3599853515625,63187300,452.273503112793,442.21240173339845,37.159282290194895,0.0,False,0.0,-0.041714285714285704,-0.0,10000.0
431.4400024414063,438.2000122070313,419.6199951171875,421.6600036621094,68124000,449.7855026245117,441.9230017089844,43.752555355701524,1.0,True,0.0,0.02907573629435012,0.0,10000.0
449.3599853515625,449.5,432.6300048828125,435.1600036621094,71546700,447.81700134277344,442.3198016357422,51.7646147435014,1.0,False,1.0,0.041535283721378935,0.041535283721378935,10415.35283721379
449.05999755859375,452.4299926757813,444.0400085449219,447.4299926757813,56771400,445.99200134277345,442.3964013671875,51.63202461455159,1.0,False,1.0,-0.0006675890216037983,-0.0006675890216037983,10408.399662003536
435.2000122070313,445.0400085449219,434.2799987792969,445.0,49397400,443.4820022583008,442.30800170898436,45.795612496415394,1.0,False,1.0,-0.030864440001146964,-0.030864440001146964,10087.150235127669
430.8999938964844,437.5199890136719,430.6900024414063,437.4100036621094,37733100,441.2675018310547,442.3140014648437,44.128968698712384,0.0,False,1.0,-0.009880556502607218,-0.009880556502607218,9987.483577279203
431.4599914550781,438.260009765625,430.1000061035156,431.9100036621094,54857400,439.8585006713867,442.9034014892578,44.41269204456472,0.0,False,0.0,0.0012995998294869082,0.0,9987.483577279203
416.55999755859375,440.2300109863281,414.6199951171875,437.7999877929688,81686100,437.96500091552736,443.14760131835936,38.77110601399654,0.0,False,0.0,-0.03453389466363932,-0.0,9987.483577279203
430.4100036621094,439.8800048828125,422.7000122070313,425.3500061035156,82626100,436.99950103759767,443.57740112304685,45.67850282356139,0.0,False,0.0,0.033248526466028494,0.0,9987.483577279203
421.80999755859375,427.1499938964844,414.5,421.2900085449219,58739500,436.1865005493164,443.98860107421876,42.47431577532583,0.0,False,0.0,-0.019980962408733927,-0.0,9987.483577279203
421.9599914550781,428.55999755859375,413.6900024414063,424.2699890136719,56886500,434.7009994506836,444.34800109863284,42.55000873341773,0.0,False,0.0,0.0003555958781265023,0.0,9987.483577279203
406.010009765625,423.8999938964844,399.1799926757813,420.4599914550781,74606900,433.35350036621094,444.56360107421875,36.97803791479911,0.0,False,0.0,-0.03779974882085746,-0.0,9987.483577279203
397.2099914550781,402.1000061035156,387.5299987792969,397.0199890136719,72819800,431.64349975585935,444.6860009765625,34.30859759312912,0.0,False,0.0,-0.02167438757390938,-0.0,9987.483577279203
411.1099853515625,414.5499877929688,397.75,400.8699951171875,62677100,430.40899963378905,444.5526007080078,41.493136286201654,0.0,False,0.0,0.03499406912088299,0.0,9987.483577279203
417.3200073242188,421.25,407.2900085449219,409.9100036621094,54484300,429.0244995117188,444.5110009765625,44.41788548001604,0.0,False,0.0,0.015105500216312517,0.0,9987.483577279203
425.2099914550781,427.25,417.0,418.0799865722656,64450200,427.8369995117188,444.48360107421877,47.97625541976627,0.0,False,0.0,0.018906316477488083,0.0,9987.483577279203
428.2699890136719,436.3500061035156,420.0299987792969,427.9599914550781,57362000,426.89049835205077,444.4456005859375,49.331092900453164,0.0,False,0.0,0.00719643851293883,0.0,9987.483577279203
417.0700073242188,436.2300109863281,414.0,430.2999877929688,61933400,425.7839981079102,444.18420043945315,44.73859610699247,0.0,False,0.0,-0.02615168463063966,-0.0,9987.483577279203
417.4400024414063,424.05999755859375,410.8800048828125,414.30999755859375,51434100,424.72749786376954,443.94820068359377,44.92101818201721,0.0,False,0.0,0.0008871295242764976,0.0,9987.483577279203
410.6300048828125,413.7200012207031,400.510009765625,412.3599853515625,59678800,423.38399810791014,443.2260009765625,42.16225181768599,0.0,False,0.0,-0.016313715788533467,-0.0,9987.483577279203
411.3200073242188,416.8999938964844,409.5799865722656,411.1099853515625,45921400,422.9874984741211,442.36180114746094,42.54725513169913,0.0,False,0.0,0.0016803507615164026,0.0,9987.483577279203
411.7099914550781,415.25,404.1099853515625,407.25,51019600,422.00099792480466,441.4960009765625,42.77909536354736,0.0,False,0.0,0.0009481282794783219,0.0,9987.483577279203
411.8200073242188,414.7000122070313,405.5,408.2999877929688,57912200,420.1239990234375,440.94080139160155,42.849159169757336,0.0,False,0.0,0.0002672169037041261,0.0,9987.483577279203
399.8299865722656,407.7000122070313,394.0400085449219,407.2900085449219,69680000,417.6624984741211,440.0340008544922,37.46504186491315,0.0,False,0.0,-0.029114711618451472,-0.0,9987.483577279203
409.3800048828125,410.8200073242188,397.6400146484375,399.5,58579500,416.37149810791016,439.19260070800783,43.549336197649,0.0,False,0.0,0.023885197787236967,0.0,9987.483577279203
417.3999938964844,420.3399963378906,412.1499938964844,412.1499938964844,54809700,415.69649810791014,438.60280029296877,48.11480188995978,0.0,False,0.0,0.019590573349979934,0.0,9987.483577279203
408.5799865722656,416.80999755859375,403.6600036621094,414.4200134277344,53602500,414.55249786376953,437.5952001953125,43.90899451343855,0.0,False,0.0,-0.021130827631028026,-0.0,9987.483577279203
402.510009765625,407.1199951171875,398.1099853515625,402.9400024414063,56890100,413.8499984741211,436.13920043945313,41.237433634224686,0.0,False,0.0,-0.014856275407819197,-0.0,9987.483577279203
403.3200073242188,404.5400085449219,388.25,390.6000061035156,55088300,412.49549865722656,434.40800048828123,41.74677961554785,0.0,False,0.0,0.00201236624914114,0.0,9987.483577279203
392.4299926757813,396.3399963378906,385.3900146484375,395.0899963378906,62617300,411.02649841308596,432.91140014648437,37.09178388084108,0.0,False,0.0,-0.027000928420799375,-0.0,9987.483577279203
405.9400024414063,408.3299865722656,394.5799865722656,397.8500061035156,68305500,410.22549896240236,431.36280029296876,45.248317980241836,0.0,False,0.0,0.03442654745501761,0.0,9987.483577279203
405.5499877929688,408.6199951171875,399.4200134277344,401.5700073242188,51925900,410.2024978637695,429.8497998046875,45.066656201884086,0.0,False,0.0,-0.0009607691927178141,-0.0,9987.483577279203
396.7300109863281,402.3500061035156,394.2099914550781,398.0899963378906,64054600,410.17849884033205,428.0097998046875,41.05268799956122,0.0,False,0.0,-0.021748186591348695,-0.0,9987.483577279203
398.6799926757813,401.5899963378906,381.3999938964844,390.0499877929688,67018900,409.55699920654297,426.27219970703123,42.276787880191016,0.0,False,0.0,0.004915135319874642,0.0,9987.483577279203
399.239990234375,406.5899963378906,398.1900024414063,402.2200012207031,59258700,408.65299835205076,424.54899963378904,42.64514015485909,0.0,False,0.0,0.0014046291985589932,0.0,9987.483577279203
407.8200073242188,416.3800048828125,402.1499938964844,402.2799987792969,62559900,407.7834991455078,423.2015997314453,48.10890960067361,0.0,False,0.0,0.02149087591352483,0.0,9987.483577279203
395.010009765625,406.5,394.6499938964844,405.1799926757813,60973800,406.1205001831055,421.90899963378905,41.71891201896582,0.0,False,0.0,-0.03141091003024232,-0.0,9987.483577279203
391.2000122070313,400.2000122070313,389.9500122070313,399.1700134277344,58504100,404.82700042724616,420.64440002441404,40.01646263252708,0.0,False,0.0,-0.009645319015723963,-0.0,9987.483577279203
395.55999755859375,403.7300109863281,394.4200134277344,396.2200012207031,58068300,403.7330001831055,419.5611999511719,42.888624245080784,0.0,False,0.0,0.011145156481373153,0.0,9987.483577279203
399.2699890136719,400.1199951171875,393.0,395.6900024414063,46890500,403.1649993896485,418.78519958496094,45.28923713080176,0.0,False,0.0,0.00937908655570907,0.0,9987.483577279203
392.7799987792969,403.0700073242188,392.30999755859375,399.0,50853100,402.2379989624024,417.6073992919922,41.96605975203801,0.0,False,0.0,-0.016254640751756533,-0.0,9987.483577279203
380.2999877929688,387.2699890136719,378.7300109863281,387.2699890136719,67078300,400.6674987792969,416.55419921875,36.4303039928544,0.0,False,0.0,-0.03177353995904608,-0.0,9987.483577279203
367.9599914550781,379.8900146484375,364.4599914550781,379.8500061035156,78628600,398.4744979858399,415.2851989746094,31.943419610228375,0.0,False,0.0,-0.032448058727281515,-0.0,9987.483577279203
380.8500061035156,385.3299865722656,372.7300109863281,373.0899963378906,74606000,397.52549896240237,414.18619934082034,40.22519277681894,0.0,False,0.0,0.035031022251806876,0.0,9987.483577279203
383.0299987792969,387.4800109863281,376.30999755859375,376.55999755859375,60004900,396.2079986572266,412.94659912109375,41.52128917768727,0.0,False,0.0,0.005724019012326664,0.0,9987.483577279203
385.9500122070313,396.2300109863281,385.010009765625,389.989990234375,55157300,394.63549957275393,411.6863995361328,43.29488973742188,0.0,False,0.0,0.007623458833617258,0.0,9987.483577279203
372.1099853515625,384.4400024414063,371.8699951171875,381.6000061035156,55522900,392.8119995117188,410.1845989990234,37.490969143973714,0.0,False,0.0,-0.03585963575004303,-0.0,9987.483577279203
361.8299865722656,369.8599853515625,359.4700012207031,369.6900024414063,62065700,390.7779983520508,408.63719848632815,33.860075257792616,0.0,False,0.0,-0.027626237359861583,-0.0,9987.483577279203
355.2799987792969,367.2900085449219,352.1400146484375,365.8599853515625,67954400,388.3759979248047,406.97139831542967,31.750160428333643,0.0,False,0.0,-0.018102390725044493,-0.0,9987.483577279203
371.75,373.3299865722656,361.0,361.510009765625,75534900,387.34199829101567,405.65639831542967,41.603853278027664,0.0,False,0.0,0.04635780589195071,0.0,9987.483577279203
381.260009765625,383.1400146484375,374.0799865722656,378.6300048828125,58683800,386.10799865722663,404.8965985107422,46.41463440854042,0.0,False,0.0,0.025581734406523227,0.0,9987.483577279203
360.5899963378906,370.2799987792969,359.0299987792969,364.2000122070313,83031200,383.8599990844727,403.4795983886719,38.91133874460508,0.0,False,0.0,-0.05421500524128142,-0.0,9987.483577279203
352.82000732421875,367.7200012207031,346.6400146484375,362.5899963378906,77697600,381.6644989013672,401.548798828125,36.521285836174165,0.0,False,0.0,-0.021547988276388597,-0.0,9987.483577279203
346.6499938964844,348.0199890136719,337.239990234375,346.44000244140625,74515400,379.0629989624024,399.5005987548828,34.698672316403844,0.0,False,0.0,-0.017487708462248674,-0.0,9987.483577279203
343.25,364.5,339.6700134277344,363.7900085449219,78838600,376.26349945068364,397.6615985107422,33.70059807441994,0.0,False,0.0,-0.009808146419583275,-0.0,9987.483577279203
345.6199951171875,348.8800048828125,337.25,343.1499938964844,62164000,373.153498840332,395.95599853515625,35.10191342555049,0.0,False,0.0,0.006904574267115882,0.0,9987.483577279203
348.95001220703125,350.3599853515625,342.739990234375,346.2900085449219,51336000,370.85049896240236,394.3057989501953,37.11317982772318,0.0,False,0.0,0.009634908676839249,0.0,9987.483577279203
352.4200134277344,356.3500061035156,348.57000732421875,350.07000732421875,53617500,368.9114990234375,393.02299926757814,39.226756328577615,0.0,False,0.0,0.009944121218842028,0.0,9987.483577279203
364.2000122070313,367.6300048828125,354.7699890136719,357.6700134277344,59979600,367.3434997558594,391.69879943847656,45.87704009529947,0.0,False,0.0,0.033426021027357145,0.0,9987.483577279203
391.9500122070313,394.6499938964844,362.5,366.8299865722656,113810400,366.97750091552734,391.10159973144533,57.63723425309979,0.0,False,0.0,0.07619439612820589,0.0,9987.483577279203
388.8999938964844,394.05999755859375,381.7999877929688,393.80999755859375,63515100,366.7835006713867,390.4403997802734,56.192021611344074,0.0,False,0.0,-0.007781651270713286,-0.0,9987.483577279203
400.6199951171875,409.2799987792969,391.6499938964844,395.9200134277344,90640000,367.7995010375977,390.33259948730466,60.31030539591155,0.0,False,0.0,0.03013628543234881,0.0,9987.483577279203
392.5,406.7999877929688,388.3299865722656,402.5799865722656,64603900,369.02650146484376,390.23839965820315,56.357311707550295,0.0,False,0.0,-0.02026857175416885,-0.0,9987.483577279203
386.4200134277344,393.9500122070313,385.2200012207031,393.0,50530600,369.3050018310547,389.7446002197266,53.52820821466232,0.0,False,0.0,-0.015490411649084379,-0.0,9987.483577279203
387.510009765625,393.010009765625,385.2999877929688,387.5700073242188,62362800,369.5290023803711,389.14840026855467,53.97428153093652,0.0,False,0.0,0.0028207553957204645,0.0,9987.483577279203
373.7200012207031,386.0,368.3900146484375,375.2799987792969,93969500,368.91750183105466,388.1186004638672,47.73190737000727,0.0,False,0.0,-0.03558619957523779,-0.0,9987.483577279203
376.2999877929688,382.760009765625,370.7300109863281,373.5,62893300,369.127001953125,387.07920043945313,48.92214364553956,0.0,False,0.0,0.0069035282132037246,0.0,9987.483577279203
378.6700134277344,380.7799987792969,364.0199890136719,372.0899963378906,66735800,369.96900329589846,386.31120056152344,50.0474593845141,0.0,False,0.0,0.0062982346841571335,0.0,9987.483577279203
376.0199890136719,382.2900085449219,372.5400085449219,374.6799926757813,50864400,371.00600280761716,385.48280029296876,48.75405598738217,0.0,False,0.0,-0.006998242057971282,-0.0,9987.483577279203
372.7999877929688,376.3999938964844,370.0400085449219,375.3999938964844,45384800,371.0585021972656,384.72619995117185,47.159243469973845,0.0,False,0.0,-0.008563377785179349,-0.0,9987.483577279203
381.6300048828125,384.75,368.1700134277344,372.75,51076000,371.077001953125,384.13239990234376,51.814126881132836,0.0,False,0.0,0.023685668935019777,0.0,9987.483577279203
390.8200073242188,397.8200073242188,378.7999877929688,382.489990234375,65338300,372.58850250244143,383.71460021972655,56.14429396302538,0.0,False,0.0,0.024080922159745555,0.0,9987.483577279203
392.510009765625,394.6400146484375,384.7999877929688,390.2300109863281,48765100,374.57300262451173,383.3284002685547,56.91113676743297,0.0,False,0.0,0.004324247504565948,0.0,9987.483577279203
389.3699951171875,402.1199951171875,389.0,395.1900024414063,47780600,376.70900268554686,383.11920043945315,54.987285276742,0.0,False,0.0,-0.007999833304410453,-0.0,9987.483577279203
398.7300109863281,401.6799926757813,384.0199890136719,386.25,53465400,379.4830032348633,382.90620056152346,59.39380916975757,0.0,False,0.0,0.024038873016714035,0.0,9987.483577279203
411.7900085449219,415.8299865722656,402.1199951171875,407.4800109863281,64294200,382.79150390625,382.7940008544922,64.60099599852005,0.0,False,0.0,0.03275398690529352,0.0,9987.483577279203
428.3500061035156,431.2000122070313,416.3900146484375,416.4800109863281,64880800,386.7615036010742,383.1894012451172,69.87602698056781,0.0,False,0.0,0.040214665764012114,0.0,9987.483577279203
445.0,449.1600036621094,416.7999877929688,422.1600036621094,75805866,391.3905029296875,384.03920104980466,74.06127409438295,0.0,False,0.0,0.038870068073398656,0.0,9987.483577279203
